timestamp,memory_used_mb,memory_total_mb,gpu_utilization_percent,temperature_c,power_w
2026/09/14 17:57:32.508,605.0,6141.0,2.0,48.0,18.24
2026/09/14 17:57:37.777,642.0,6141.0,0.0,49.0,18.38
2026/09/14 17:57:43.101,696.0,6141.0,7.0,49.0,18.58
2026/09/14 17:57:49.866,710.0,6141.0,5.0,49.0,18.32
2026/09/14 17:57:56.216,714.0,6141.0,6.0,49.0,20.94
2026/09/14 17:58:01.691,694.0,6141.0,5.0,49.0,18.42
2026/09/14 17:58:06.942,694.0,6141.0,6.0,49.0,18.41
2026/09/14 17:58:12.267,695.0,6141.0,6.0,48.0,18.37
2026/09/14 17:58:17.515,694.0,6141.0,5.0,48.0,18.45
2026/09/14 17:58:22.776,695.0,6141.0,5.0,48.0,18.49
2026/09/14 17:58:27.878,726.0,6141.0,5.0,48.0,18.34
2026/09/14 17:58:33.016,719.0,6141.0,0.0,47.0,18.35
2026/09/14 17:58:38.135,697.0,6141.0,0.0,47.0,18.14
2026/09/14 17:58:43.402,697.0,6141.0,0.0,47.0,18.14
2026/09/14 17:58:49.712,697.0,6141.0,0.0,47.0,18.15
2026/09/14 17:59:10.147,761.0,6141.0,0.0,48.0,18.09
2026/09/14 17:59:15.295,1057.0,6141.0,2.0,48.0,19.0
2026/09/14 17:59:20.551,1084.0,6141.0,27.0,49.0,35.24
2026/09/14 17:59:26.706,1121.0,6141.0,35.0,50.0,29.33
2026/09/14 17:59:31.929,1131.0,6141.0,48.0,52.0,36.02
2026/09/14 17:59:36.991,1132.0,6141.0,44.0,52.0,36.08
2026/09/14 17:59:42.051,1129.0,6141.0,40.0,52.0,35.88
2026/09/14 17:59:47.162,1172.0,6141.0,25.0,50.0,25.36
2026/09/14 17:59:52.221,1145.0,6141.0,30.0,49.0,27.33
2026/09/14 17:59:57.284,1141.0,6141.0,25.0,48.0,25.74
2026/09/14 18:00:02.384,1187.0,6141.0,26.0,48.0,23.87
2026/09/14 18:00:07.515,1133.0,6141.0,28.0,49.0,20.77
2026/09/14 18:00:12.583,1128.0,6141.0,28.0,48.0,25.15
2026/09/14 18:00:17.654,1147.0,6141.0,24.0,49.0,25.73
2026/09/14 18:00:22.726,1148.0,6141.0,29.0,49.0,25.11
2026/09/14 18:00:27.817,1148.0,6141.0,27.0,49.0,25.94
2026/09/14 18:00:32.898,1184.0,6141.0,26.0,50.0,26.4
2026/09/14 18:00:37.995,1166.0,6141.0,23.0,49.0,26.19
2026/09/14 18:00:43.054,1166.0,6141.0,24.0,50.0,27.0
2026/09/14 18:00:48.125,1147.0,6141.0,22.0,49.0,26.52
2026/09/14 18:00:53.196,1147.0,6141.0,16.0,49.0,24.37
2026/09/14 18:00:58.257,1147.0,6141.0,21.0,50.0,26.03
2026/09/14 18:01:03.328,1147.0,6141.0,21.0,49.0,23.61
2026/09/14 18:01:08.389,1189.0,6141.0,47.0,52.0,38.24
2026/09/14 18:01:13.462,1160.0,6141.0,0.0,49.0,18.48
2026/09/14 18:01:18.546,1254.0,6141.0,47.0,52.0,36.67
2026/09/14 18:01:23.632,1255.0,6141.0,45.0,54.0,36.7
2026/09/14 18:01:28.692,1277.0,6141.0,21.0,51.0,29.38
2026/09/14 18:01:33.775,1299.0,6141.0,32.0,50.0,28.51
2026/09/14 18:01:38.841,1277.0,6141.0,23.0,50.0,28.88
2026/09/14 18:01:43.943,1273.0,6141.0,24.0,49.0,28.02
2026/09/14 18:01:49.006,1254.0,6141.0,26.0,49.0,26.51
2026/09/14 18:01:54.077,1292.0,6141.0,27.0,49.0,24.97
2026/09/14 18:01:59.144,1274.0,6141.0,21.0,49.0,25.16
2026/09/14 18:02:04.208,1238.0,6141.0,26.0,49.0,25.94
2026/09/14 18:02:09.264,1239.0,6141.0,30.0,49.0,25.78
2026/09/14 18:02:14.338,1238.0,6141.0,22.0,49.0,24.56
2026/09/14 18:02:19.406,1289.0,6141.0,29.0,49.0,27.19
2026/09/14 18:02:24.471,1266.0,6141.0,28.0,50.0,26.28
2026/09/14 18:02:29.534,1241.0,6141.0,23.0,49.0,26.14
2026/09/14 18:02:34.599,1301.0,6141.0,27.0,49.0,25.24
2026/09/14 18:02:39.674,1517.0,6141.0,27.0,50.0,24.99
2026/09/14 18:02:44.737,1401.0,6141.0,30.0,50.0,26.34
2026/09/14 18:02:49.808,1433.0,6141.0,27.0,51.0,26.63
2026/09/14 18:02:54.864,1522.0,6141.0,32.0,50.0,31.85
2026/09/14 18:02:59.932,1442.0,6141.0,28.0,50.0,26.49
2026/09/14 18:03:04.997,1471.0,6141.0,30.0,50.0,27.29
2026/09/14 18:03:10.066,1265.0,6141.0,48.0,52.0,35.22
2026/09/14 18:03:15.124,1372.0,6141.0,39.0,52.0,36.07
2026/09/14 18:03:20.187,1295.0,6141.0,27.0,50.0,25.47
2026/09/14 18:03:25.265,1254.0,6141.0,22.0,51.0,25.74
2026/09/14 18:03:30.334,1262.0,6141.0,26.0,50.0,25.31
2026/09/14 18:03:35.395,1258.0,6141.0,31.0,50.0,27.18
2026/09/14 18:03:40.461,1263.0,6141.0,20.0,51.0,25.63
2026/09/14 18:03:45.519,1250.0,6141.0,22.0,50.0,25.67
2026/09/14 18:03:50.586,1250.0,6141.0,25.0,50.0,26.02
2026/09/14 18:03:55.656,1250.0,6141.0,23.0,50.0,25.66
2026/09/14 18:04:00.721,1267.0,6141.0,20.0,50.0,25.34
2026/09/14 18:04:05.790,1277.0,6141.0,20.0,51.0,24.49
2026/09/14 18:04:10.860,1248.0,6141.0,17.0,50.0,25.8
2026/09/14 18:04:15.925,1248.0,6141.0,22.0,50.0,28.17
2026/09/14 18:04:20.984,1248.0,6141.0,24.0,50.0,26.91
2026/09/14 18:04:26.078,1249.0,6141.0,21.0,50.0,25.12
2026/09/14 18:04:31.140,1240.0,6141.0,16.0,50.0,24.94
2026/09/14 18:04:36.197,1240.0,6141.0,14.0,50.0,24.02
2026/09/14 18:04:41.276,1240.0,6141.0,16.0,50.0,24.83
2026/09/14 18:04:46.342,1240.0,6141.0,18.0,50.0,25.37
2026/09/14 18:04:51.402,1240.0,6141.0,15.0,50.0,21.16
2026/09/14 18:04:56.470,1240.0,6141.0,20.0,50.0,25.24
2026/09/14 18:05:01.539,1240.0,6141.0,20.0,51.0,24.48
2026/09/14 18:05:06.598,1284.0,6141.0,22.0,50.0,21.16
2026/09/14 18:05:11.652,1268.0,6141.0,27.0,51.0,24.84
2026/09/14 18:05:16.710,1283.0,6141.0,21.0,50.0,26.21
2026/09/14 18:05:21.782,1250.0,6141.0,22.0,50.0,25.37
2026/09/14 18:05:26.847,1255.0,6141.0,17.0,50.0,28.53
2026/09/14 18:05:31.912,1241.0,6141.0,22.0,50.0,26.11
2026/09/14 18:05:36.972,1241.0,6141.0,22.0,50.0,23.84
2026/09/14 18:05:42.044,1238.0,6141.0,16.0,51.0,23.51
2026/09/14 18:05:47.106,1238.0,6141.0,18.0,50.0,24.82
2026/09/14 18:05:52.175,1238.0,6141.0,21.0,50.0,29.63
2026/09/14 18:05:57.241,1237.0,6141.0,16.0,50.0,25.14
2026/09/14 18:06:02.312,1240.0,6141.0,20.0,50.0,25.2
2026/09/14 18:06:07.368,1240.0,6141.0,18.0,50.0,25.2
2026/09/14 18:06:12.434,1241.0,6141.0,25.0,50.0,26.66
2026/09/14 18:06:17.512,1240.0,6141.0,14.0,50.0,24.84
2026/09/14 18:06:22.569,1245.0,6141.0,19.0,50.0,25.03
2026/09/14 18:06:27.645,1245.0,6141.0,14.0,50.0,23.24
2026/09/14 18:06:32.708,1238.0,6141.0,22.0,50.0,26.02
2026/09/14 18:06:37.786,1238.0,6141.0,21.0,50.0,24.97
2026/09/14 18:06:42.865,1238.0,6141.0,20.0,50.0,29.6
2026/09/14 18:06:47.933,1238.0,6141.0,13.0,50.0,22.21
2026/09/14 18:06:52.994,1238.0,6141.0,22.0,50.0,27.5
2026/09/14 18:06:58.049,1238.0,6141.0,21.0,50.0,26.02
2026/09/14 18:07:03.109,1238.0,6141.0,12.0,50.0,24.2
2026/09/14 18:07:08.177,1237.0,6141.0,17.0,50.0,23.93
2026/09/14 18:07:13.261,1237.0,6141.0,17.0,50.0,23.88
2026/09/14 18:07:18.331,1237.0,6141.0,20.0,50.0,23.89
2026/09/14 18:07:23.402,1242.0,6141.0,22.0,50.0,26.27
2026/09/14 18:07:28.488,1241.0,6141.0,18.0,50.0,25.16
2026/09/14 18:07:33.560,1241.0,6141.0,23.0,50.0,27.27
2026/09/14 18:07:38.642,1241.0,6141.0,15.0,50.0,24.46
2026/09/14 18:07:43.704,1241.0,6141.0,18.0,50.0,25.06
2026/09/14 18:07:48.773,1241.0,6141.0,11.0,49.0,23.7
2026/09/14 18:07:53.841,1241.0,6141.0,13.0,50.0,24.06
2026/09/14 18:07:58.895,1241.0,6141.0,21.0,49.0,25.02
2026/09/14 18:08:03.961,1241.0,6141.0,21.0,50.0,25.51
2026/09/14 18:08:09.020,1242.0,6141.0,16.0,50.0,24.31
2026/09/14 18:08:14.087,1240.0,6141.0,17.0,50.0,23.88
2026/09/14 18:08:19.149,1240.0,6141.0,17.0,50.0,24.12
2026/09/14 18:08:24.218,1246.0,6141.0,24.0,50.0,26.71
2026/09/14 18:08:29.286,1247.0,6141.0,15.0,50.0,23.7
2026/09/14 18:08:34.347,1242.0,6141.0,24.0,50.0,25.48
2026/09/14 18:08:39.404,1242.0,6141.0,24.0,50.0,25.74
2026/09/14 18:08:44.503,1319.0,6141.0,22.0,50.0,23.98
2026/09/14 18:08:50.678,1283.0,6141.0,1.0,50.0,18.92
2026/09/14 18:08:58.734,1303.0,6141.0,19.0,51.0,23.42
2026/09/14 18:09:03.826,1321.0,6141.0,30.0,51.0,25.18
2026/09/14 18:09:08.886,1377.0,6141.0,32.0,51.0,25.27
2026/09/14 18:09:13.956,1322.0,6141.0,28.0,50.0,25.12
2026/09/14 18:09:19.028,1304.0,6141.0,18.0,50.0,23.1
2026/09/14 18:09:24.098,1388.0,6141.0,19.0,49.0,25.19
2026/09/14 18:09:29.158,1416.0,6141.0,13.0,49.0,25.87
2026/09/14 18:09:34.228,1317.0,6141.0,14.0,48.0,24.87
2026/09/14 18:09:39.287,1390.0,6141.0,47.0,49.0,28.8
2026/09/14 18:09:44.348,1363.0,6141.0,42.0,50.0,35.85
2026/09/14 18:09:49.418,1361.0,6141.0,15.0,49.0,27.2
2026/09/14 18:09:54.472,1361.0,6141.0,21.0,48.0,22.6
2026/09/14 18:09:59.536,1292.0,6141.0,22.0,48.0,27.64
2026/09/14 18:10:04.597,1295.0,6141.0,22.0,48.0,24.3
2026/09/14 18:10:09.678,1291.0,6141.0,20.0,48.0,24.91
2026/09/14 18:10:14.734,1253.0,6141.0,3.0,48.0,18.94
2026/09/14 18:10:19.794,1253.0,6141.0,18.0,49.0,25.23
2026/09/14 18:10:24.887,1254.0,6141.0,20.0,49.0,25.58
2026/09/14 18:10:29.980,1297.0,6141.0,29.0,49.0,25.0
2026/09/14 18:10:35.047,1303.0,6141.0,34.0,49.0,26.92
2026/09/14 18:10:40.109,1337.0,6141.0,22.0,50.0,28.7
2026/09/14 18:10:45.169,1321.0,6141.0,23.0,50.0,26.07
2026/09/14 18:10:50.238,1256.0,6141.0,15.0,50.0,23.96
2026/09/14 18:10:55.309,1256.0,6141.0,41.0,53.0,36.41
2026/09/14 18:11:00.375,1256.0,6141.0,46.0,52.0,36.41
2026/09/14 18:11:05.444,1256.0,6141.0,15.0,51.0,22.91
2026/09/14 18:11:10.502,1256.0,6141.0,22.0,50.0,25.22
2026/09/14 18:11:15.573,1256.0,6141.0,18.0,50.0,24.3
2026/09/14 18:11:20.632,1256.0,6141.0,20.0,50.0,25.75
2026/09/14 18:11:25.694,1259.0,6141.0,21.0,49.0,24.67
2026/09/14 18:11:30.756,1259.0,6141.0,14.0,49.0,24.04
2026/09/14 18:11:35.816,1259.0,6141.0,24.0,49.0,26.48
2026/09/14 18:11:40.887,1259.0,6141.0,13.0,49.0,22.84
2026/09/14 18:11:45.950,1258.0,6141.0,16.0,50.0,25.1
2026/09/14 18:11:51.026,1258.0,6141.0,21.0,50.0,24.95
2026/09/14 18:11:56.092,1239.0,6141.0,22.0,49.0,24.9
2026/09/14 18:12:01.171,1243.0,6141.0,24.0,49.0,26.94
2026/09/14 18:12:06.234,1243.0,6141.0,24.0,49.0,25.17
2026/09/14 18:12:11.290,1244.0,6141.0,23.0,49.0,24.74
2026/09/14 18:12:16.357,1244.0,6141.0,23.0,49.0,24.87
2026/09/14 18:12:21.423,1242.0,6141.0,15.0,49.0,23.56
2026/09/14 18:12:26.535,1248.0,6141.0,25.0,50.0,25.28
2026/09/14 18:12:31.594,1248.0,6141.0,14.0,49.0,23.92
2026/09/14 18:12:36.649,1248.0,6141.0,21.0,50.0,22.36
2026/09/14 18:12:41.706,1248.0,6141.0,15.0,49.0,23.58
2026/09/14 18:12:46.772,1248.0,6141.0,25.0,50.0,26.62
2026/09/14 18:12:51.834,1248.0,6141.0,17.0,50.0,21.72
2026/09/14 18:12:56.892,1248.0,6141.0,18.0,49.0,23.96
2026/09/14 18:13:01.969,1248.0,6141.0,14.0,50.0,24.62
2026/09/14 18:13:07.033,1248.0,6141.0,22.0,49.0,25.81
2026/09/14 18:13:12.103,1248.0,6141.0,19.0,50.0,24.92
2026/09/14 18:13:17.159,1248.0,6141.0,23.0,50.0,26.58
2026/09/14 18:13:22.227,1248.0,6141.0,24.0,49.0,24.74
2026/09/14 18:13:27.287,1248.0,6141.0,23.0,49.0,26.5
2026/09/14 18:13:32.349,1260.0,6141.0,22.0,49.0,27.28
2026/09/14 18:13:37.407,1260.0,6141.0,25.0,49.0,25.54
2026/09/14 18:13:42.467,1267.0,6141.0,24.0,49.0,26.96
2026/09/14 18:13:47.536,1251.0,6141.0,42.0,51.0,36.37
2026/09/14 18:13:52.620,1252.0,6141.0,24.0,50.0,25.31
2026/09/14 18:13:57.687,1318.0,6141.0,26.0,50.0,25.31
2026/09/14 18:14:02.757,1305.0,6141.0,27.0,50.0,25.55
2026/09/14 18:14:07.823,1287.0,6141.0,26.0,50.0,25.67
2026/09/14 18:14:12.889,1291.0,6141.0,26.0,50.0,25.46
2026/09/14 18:14:17.951,1402.0,6141.0,22.0,51.0,25.41
2026/09/14 18:14:23.019,1305.0,6141.0,20.0,51.0,25.0
2026/09/14 18:14:28.080,1283.0,6141.0,26.0,51.0,26.01
2026/09/14 18:14:33.148,1275.0,6141.0,18.0,51.0,24.45
2026/09/14 18:14:38.217,1316.0,6141.0,27.0,50.0,25.73
2026/09/14 18:14:43.278,1339.0,6141.0,23.0,50.0,26.29
2026/09/14 18:14:48.347,1295.0,6141.0,20.0,50.0,24.88
2026/09/14 18:14:53.412,1277.0,6141.0,15.0,50.0,24.4
2026/09/14 18:14:58.474,1274.0,6141.0,16.0,50.0,23.7
2026/09/14 18:15:03.558,1355.0,6141.0,16.0,51.0,28.01
2026/09/14 18:15:08.625,1297.0,6141.0,24.0,50.0,25.88
2026/09/14 18:15:13.686,1346.0,6141.0,23.0,50.0,25.23
2026/09/14 18:15:18.755,1439.0,6141.0,23.0,51.0,23.94
2026/09/14 18:15:23.833,1437.0,6141.0,22.0,51.0,25.7
2026/09/14 18:15:28.891,1393.0,6141.0,29.0,51.0,27.03
2026/09/14 18:15:33.977,1224.0,6141.0,23.0,51.0,25.45
2026/09/14 18:15:39.034,1257.0,6141.0,29.0,50.0,24.37
2026/09/14 18:15:44.094,1343.0,6141.0,23.0,51.0,25.01
2026/09/14 18:15:49.172,1310.0,6141.0,19.0,51.0,25.04
2026/09/14 18:15:54.231,1321.0,6141.0,26.0,51.0,26.17
2026/09/14 18:15:59.302,1276.0,6141.0,27.0,51.0,26.53
2026/09/14 18:16:04.390,1307.0,6141.0,24.0,51.0,24.89
2026/09/14 18:16:09.463,1267.0,6141.0,19.0,51.0,25.35
2026/09/14 18:16:14.521,1297.0,6141.0,25.0,51.0,25.69
2026/09/14 18:16:19.586,1254.0,6141.0,29.0,51.0,25.51
2026/09/14 18:16:24.653,1282.0,6141.0,25.0,51.0,26.52
2026/09/14 18:16:29.719,1275.0,6141.0,24.0,51.0,24.69
2026/09/14 18:16:34.777,1276.0,6141.0,17.0,52.0,25.75
2026/09/14 18:16:39.834,1555.0,6141.0,31.0,51.0,26.83
2026/09/14 18:16:44.902,1534.0,6141.0,32.0,51.0,27.17
2026/09/14 18:16:49.974,1521.0,6141.0,37.0,51.0,26.46
2026/09/14 18:16:55.039,1503.0,6141.0,34.0,52.0,29.0
2026/09/14 18:17:00.104,1502.0,6141.0,29.0,52.0,27.07
2026/09/14 18:17:05.168,1541.0,6141.0,32.0,51.0,27.84
2026/09/14 18:17:10.234,1447.0,6141.0,52.0,52.0,27.06
2026/09/14 18:17:15.302,1386.0,6141.0,40.0,54.0,35.98
2026/09/14 18:17:20.367,1386.0,6141.0,41.0,54.0,35.82
2026/09/14 18:17:25.437,1344.0,6141.0,43.0,53.0,36.35
2026/09/14 18:17:30.507,1344.0,6141.0,47.0,53.0,36.28
2026/09/14 18:17:35.564,1342.0,6141.0,45.0,52.0,35.62
2026/09/14 18:17:40.632,1342.0,6141.0,45.0,52.0,36.49
2026/09/14 18:17:45.696,1380.0,6141.0,24.0,51.0,34.25
2026/09/14 18:17:50.762,1388.0,6141.0,20.0,49.0,24.71
2026/09/14 18:17:55.820,1352.0,6141.0,20.0,49.0,25.74
2026/09/14 18:18:00.879,1365.0,6141.0,27.0,48.0,27.58
2026/09/14 18:18:05.941,1363.0,6141.0,22.0,47.0,23.33
2026/09/14 18:18:11.005,1385.0,6141.0,21.0,47.0,24.71
2026/09/14 18:18:16.067,1419.0,6141.0,27.0,47.0,27.26
2026/09/14 18:18:21.129,1403.0,6141.0,22.0,47.0,24.74
2026/09/14 18:18:26.192,1428.0,6141.0,26.0,47.0,24.27
2026/09/14 18:18:31.251,1328.0,6141.0,16.0,47.0,20.21
2026/09/14 18:18:36.312,1335.0,6141.0,19.0,47.0,23.95
2026/09/14 18:18:41.590,1357.0,6141.0,7.0,46.0,23.81
2026/09/14 18:18:46.676,1334.0,6141.0,25.0,48.0,25.38
2026/09/14 18:18:51.759,1368.0,6141.0,28.0,48.0,25.49
2026/09/14 18:18:56.844,1330.0,6141.0,23.0,48.0,25.01
2026/09/14 18:19:01.949,1328.0,6141.0,19.0,49.0,24.66
2026/09/14 18:19:07.008,1336.0,6141.0,24.0,48.0,25.18
2026/09/14 18:19:12.121,1328.0,6141.0,21.0,48.0,25.0
2026/09/14 18:19:17.204,1328.0,6141.0,19.0,49.0,23.48
2026/09/14 18:19:22.274,1337.0,6141.0,23.0,48.0,24.87
2026/09/14 18:19:27.373,1329.0,6141.0,25.0,48.0,27.41
2026/09/14 18:19:32.439,1353.0,6141.0,17.0,48.0,24.77
2026/09/14 18:19:37.498,1347.0,6141.0,21.0,48.0,24.13
2026/09/14 18:19:42.581,1347.0,6141.0,24.0,48.0,40.99
2026/09/14 18:19:47.652,1347.0,6141.0,26.0,48.0,27.2
2026/09/14 18:19:52.708,1347.0,6141.0,19.0,49.0,24.57
2026/09/14 18:19:57.770,1358.0,6141.0,29.0,49.0,26.95
2026/09/14 18:20:02.833,1376.0,6141.0,10.0,49.0,22.85
2026/09/14 18:20:07.901,1369.0,6141.0,4.0,49.0,22.63
2026/09/14 18:20:12.961,1368.0,6141.0,10.0,49.0,27.28
2026/09/14 18:20:18.022,1346.0,6141.0,19.0,50.0,19.77
2026/09/14 18:20:23.099,1347.0,6141.0,21.0,49.0,25.19
2026/09/14 18:20:28.159,1347.0,6141.0,18.0,49.0,24.26
2026/09/14 18:20:33.213,1373.0,6141.0,23.0,49.0,26.09
2026/09/14 18:20:38.281,1362.0,6141.0,20.0,49.0,24.83
2026/09/14 18:20:43.361,1362.0,6141.0,15.0,50.0,25.57
2026/09/14 18:20:48.438,1362.0,6141.0,22.0,50.0,24.78
2026/09/14 18:20:53.509,1394.0,6141.0,24.0,50.0,24.65
2026/09/14 18:20:58.579,1396.0,6141.0,31.0,50.0,26.15
2026/09/14 18:21:03.645,1381.0,6141.0,34.0,51.0,25.63
2026/09/14 18:21:08.744,1364.0,6141.0,17.0,50.0,22.49
2026/09/14 18:21:13.840,1408.0,6141.0,30.0,52.0,29.05
2026/09/14 18:21:18.907,1364.0,6141.0,21.0,50.0,29.89
2026/09/14 18:21:23.993,1344.0,6141.0,17.0,51.0,24.86
2026/09/14 18:21:29.060,1311.0,6141.0,22.0,50.0,25.33
2026/09/14 18:21:34.126,1338.0,6141.0,22.0,51.0,23.3
2026/09/14 18:21:39.202,1333.0,6141.0,24.0,51.0,26.88
2026/09/14 18:21:44.267,1339.0,6141.0,19.0,51.0,24.41
2026/09/14 18:21:49.339,1339.0,6141.0,14.0,50.0,22.97
2026/09/14 18:21:54.396,1337.0,6141.0,24.0,50.0,27.49
2026/09/14 18:21:59.454,1337.0,6141.0,18.0,50.0,24.8
2026/09/14 18:22:04.522,1348.0,6141.0,18.0,50.0,24.79
2026/09/14 18:22:09.589,1355.0,6141.0,24.0,51.0,27.16
2026/09/14 18:22:14.654,1355.0,6141.0,24.0,50.0,25.01
2026/09/14 18:22:19.716,1347.0,6141.0,21.0,50.0,25.4
2026/09/14 18:22:24.777,1370.0,6141.0,23.0,51.0,24.91
2026/09/14 18:22:29.839,1322.0,6141.0,28.0,51.0,25.4
2026/09/14 18:22:34.910,1311.0,6141.0,24.0,50.0,25.93
2026/09/14 18:22:39.968,1317.0,6141.0,23.0,50.0,25.31
2026/09/14 18:22:45.036,1357.0,6141.0,11.0,50.0,22.85
2026/09/14 18:22:50.109,1350.0,6141.0,20.0,51.0,24.71
2026/09/14 18:22:55.186,1331.0,6141.0,22.0,50.0,26.05
2026/09/14 18:23:00.398,1331.0,6141.0,21.0,51.0,25.08
2026/09/14 18:23:05.480,1354.0,6141.0,25.0,51.0,25.17
2026/09/14 18:23:10.543,1336.0,6141.0,29.0,51.0,27.53
2026/09/14 18:23:15.604,1365.0,6141.0,45.0,52.0,35.91
2026/09/14 18:23:20.665,1365.0,6141.0,39.0,54.0,36.45
2026/09/14 18:23:25.733,1346.0,6141.0,45.0,54.0,36.4
2026/09/14 18:23:30.800,1346.0,6141.0,39.0,53.0,35.89
2026/09/14 18:23:35.866,1308.0,6141.0,42.0,54.0,36.47
2026/09/14 18:23:40.930,1308.0,6141.0,14.0,52.0,26.5
2026/09/14 18:23:45.999,1308.0,6141.0,19.0,50.0,24.94
2026/09/14 18:23:51.056,1346.0,6141.0,24.0,49.0,24.56
2026/09/14 18:23:56.125,1404.0,6141.0,26.0,49.0,25.41
2026/09/14 18:24:01.188,1330.0,6141.0,24.0,49.0,25.65
2026/09/14 18:24:06.281,1277.0,6141.0,21.0,49.0,24.77
2026/09/14 18:24:11.343,1250.0,6141.0,25.0,49.0,25.1
2026/09/14 18:24:16.404,1244.0,6141.0,16.0,50.0,24.93
2026/09/14 18:24:21.474,1234.0,6141.0,21.0,49.0,24.45
2026/09/14 18:24:26.541,1233.0,6141.0,25.0,49.0,27.0
2026/09/14 18:24:31.601,1231.0,6141.0,14.0,49.0,21.17
2026/09/14 18:24:36.677,1231.0,6141.0,18.0,50.0,24.14
2026/09/14 18:24:41.745,1231.0,6141.0,22.0,49.0,25.35
2026/09/14 18:24:46.806,1231.0,6141.0,22.0,49.0,25.26
2026/09/14 18:24:53.173,1230.0,6141.0,13.0,49.0,22.99
2026/09/14 18:24:58.577,1230.0,6141.0,24.0,50.0,24.61
2026/09/14 18:25:03.731,1230.0,6141.0,20.0,50.0,24.87
2026/09/14 18:25:09.154,1230.0,6141.0,18.0,50.0,25.13
2026/09/14 18:25:14.430,1230.0,6141.0,41.0,53.0,31.88
2026/09/14 18:25:19.775,1230.0,6141.0,42.0,53.0,31.78
2026/09/14 18:25:24.959,1240.0,6141.0,44.0,53.0,35.63
2026/09/14 18:25:30.041,1231.0,6141.0,38.0,53.0,35.6
2026/09/14 18:25:35.208,1230.0,6141.0,47.0,53.0,35.21
2026/09/14 18:25:40.311,1230.0,6141.0,41.0,52.0,35.57
2026/09/14 18:25:45.388,1230.0,6141.0,42.0,52.0,35.75
2026/09/14 18:25:50.477,1230.0,6141.0,46.0,52.0,35.46
2026/09/14 18:25:55.561,1230.0,6141.0,42.0,52.0,32.85
2026/09/14 18:26:00.625,1230.0,6141.0,40.0,51.0,30.22
2026/09/14 18:26:05.687,1230.0,6141.0,48.0,52.0,36.24
2026/09/14 18:26:10.763,1231.0,6141.0,40.0,51.0,35.64
2026/09/14 18:26:15.831,1230.0,6141.0,48.0,52.0,36.69
2026/09/14 18:26:20.938,1230.0,6141.0,40.0,50.0,35.75
2026/09/14 18:26:26.022,1215.0,6141.0,22.0,50.0,33.66
2026/09/14 18:26:31.089,1227.0,6141.0,19.0,49.0,25.28
2026/09/14 18:26:36.149,1219.0,6141.0,21.0,48.0,23.2
2026/09/14 18:26:41.205,1225.0,6141.0,26.0,47.0,25.61
2026/09/14 18:26:46.271,1212.0,6141.0,22.0,48.0,24.64
2026/09/14 18:26:51.338,1225.0,6141.0,30.0,49.0,29.48
2026/09/14 18:26:56.411,1224.0,6141.0,18.0,49.0,24.44
2026/09/14 18:27:01.479,1224.0,6141.0,24.0,49.0,30.25
2026/09/14 18:27:06.548,1225.0,6141.0,22.0,50.0,25.45
2026/09/14 18:27:11.610,1243.0,6141.0,17.0,50.0,25.21
2026/09/14 18:27:16.672,1210.0,6141.0,23.0,50.0,25.28
2026/09/14 18:27:21.737,1202.0,6141.0,25.0,50.0,25.25
2026/09/14 18:27:26.803,1203.0,6141.0,25.0,50.0,24.12
2026/09/14 18:27:31.875,1203.0,6141.0,19.0,51.0,20.7
2026/09/14 18:27:36.941,1203.0,6141.0,18.0,51.0,25.05
2026/09/14 18:27:41.995,1203.0,6141.0,7.0,49.0,22.76
2026/09/14 18:27:47.056,1203.0,6141.0,22.0,50.0,25.89
2026/09/14 18:27:52.143,1203.0,6141.0,23.0,51.0,25.82
2026/09/14 18:27:57.209,1201.0,6141.0,24.0,50.0,25.68
2026/09/14 18:28:02.272,1201.0,6141.0,20.0,51.0,25.36
2026/09/14 18:28:07.336,1201.0,6141.0,23.0,50.0,25.16
2026/09/14 18:28:12.422,1201.0,6141.0,25.0,50.0,25.67
2026/09/14 18:28:17.487,1208.0,6141.0,26.0,50.0,23.67
2026/09/14 18:28:22.557,1203.0,6141.0,17.0,51.0,25.14
2026/09/14 18:28:27.617,1202.0,6141.0,24.0,50.0,25.97
2026/09/14 18:28:32.685,1202.0,6141.0,23.0,51.0,25.52
2026/09/14 18:28:37.753,1202.0,6141.0,18.0,51.0,24.57
2026/09/14 18:28:42.827,1202.0,6141.0,23.0,51.0,28.25
2026/09/14 18:28:47.897,1202.0,6141.0,18.0,51.0,22.73
2026/09/14 18:28:52.966,1202.0,6141.0,22.0,51.0,26.13
2026/09/14 18:28:58.027,1202.0,6141.0,22.0,51.0,20.88
2026/09/14 18:29:03.095,1202.0,6141.0,20.0,51.0,24.39
2026/09/14 18:29:08.152,1202.0,6141.0,25.0,50.0,29.0
2026/09/14 18:29:13.217,1202.0,6141.0,23.0,51.0,24.66
2026/09/14 18:29:18.280,1202.0,6141.0,18.0,50.0,24.28
2026/09/14 18:29:23.350,1207.0,6141.0,24.0,50.0,25.51
2026/09/14 18:29:28.419,1203.0,6141.0,19.0,50.0,24.56
2026/09/14 18:29:33.482,1202.0,6141.0,23.0,50.0,25.55
2026/09/14 18:29:38.562,1202.0,6141.0,20.0,50.0,24.3
2026/09/14 18:29:43.621,1202.0,6141.0,25.0,50.0,25.75
2026/09/14 18:29:48.686,1202.0,6141.0,17.0,49.0,24.76
2026/09/14 18:29:53.757,1204.0,6141.0,9.0,49.0,20.53
2026/09/14 18:29:58.820,1199.0,6141.0,19.0,50.0,20.68
2026/09/14 18:30:03.900,1209.0,6141.0,19.0,50.0,24.62
2026/09/14 18:30:08.959,1209.0,6141.0,29.0,50.0,25.16
2026/09/14 18:30:14.023,1205.0,6141.0,18.0,50.0,24.11
2026/09/14 18:30:19.092,1206.0,6141.0,23.0,50.0,25.04
2026/09/14 18:30:24.159,1203.0,6141.0,19.0,50.0,23.97
2026/09/14 18:30:29.229,1198.0,6141.0,23.0,49.0,29.48
2026/09/14 18:30:34.299,1198.0,6141.0,20.0,50.0,24.87
2026/09/14 18:30:39.369,1198.0,6141.0,22.0,49.0,24.78
2026/09/14 18:30:44.432,1198.0,6141.0,19.0,50.0,24.31
2026/09/14 18:30:49.491,1198.0,6141.0,20.0,50.0,23.26
2026/09/14 18:30:54.554,1198.0,6141.0,25.0,49.0,25.46
2026/09/14 18:30:59.622,1199.0,6141.0,26.0,49.0,25.4
2026/09/14 18:31:04.680,1244.0,6141.0,24.0,50.0,25.26
2026/09/14 18:31:09.748,1255.0,6141.0,24.0,49.0,23.46
2026/09/14 18:31:14.807,1252.0,6141.0,24.0,50.0,24.97
2026/09/14 18:31:19.877,1215.0,6141.0,30.0,49.0,26.1
2026/09/14 18:31:24.944,1173.0,6141.0,29.0,49.0,26.91
2026/09/14 18:31:30.003,1170.0,6141.0,19.0,49.0,25.18
2026/09/14 18:31:35.078,1170.0,6141.0,24.0,49.0,25.66
2026/09/14 18:31:40.148,1170.0,6141.0,19.0,49.0,24.84
2026/09/14 18:31:45.202,1153.0,6141.0,23.0,49.0,26.06
2026/09/14 18:31:50.259,1153.0,6141.0,18.0,49.0,25.05
2026/09/14 18:31:55.330,1153.0,6141.0,19.0,50.0,25.09
2026/09/14 18:32:00.393,1153.0,6141.0,17.0,50.0,23.23
2026/09/14 18:32:05.458,1153.0,6141.0,22.0,49.0,25.3
2026/09/14 18:32:10.522,1153.0,6141.0,19.0,49.0,25.46
2026/09/14 18:32:15.589,1147.0,6141.0,17.0,50.0,25.12
2026/09/14 18:32:20.662,1147.0,6141.0,19.0,50.0,24.1
2026/09/14 18:32:25.728,1140.0,6141.0,16.0,50.0,23.76
2026/09/14 18:32:30.795,1140.0,6141.0,24.0,49.0,24.4
2026/09/14 18:32:35.855,1140.0,6141.0,24.0,49.0,25.99
2026/09/14 18:32:40.926,1140.0,6141.0,18.0,50.0,23.39
2026/09/14 18:32:45.992,1140.0,6141.0,17.0,50.0,25.88
2026/09/14 18:32:51.059,1140.0,6141.0,18.0,50.0,24.56
2026/09/14 18:32:56.130,1138.0,6141.0,18.0,50.0,25.37
2026/09/14 18:33:01.199,1138.0,6141.0,17.0,50.0,23.8
2026/09/14 18:33:06.259,1138.0,6141.0,20.0,49.0,23.68
2026/09/14 18:33:11.317,1138.0,6141.0,18.0,50.0,23.98
2026/09/14 18:33:16.386,1138.0,6141.0,23.0,50.0,29.8
2026/09/14 18:33:21.446,1138.0,6141.0,19.0,50.0,25.35
2026/09/14 18:33:26.504,1135.0,6141.0,25.0,50.0,25.85
2026/09/14 18:33:31.580,1135.0,6141.0,19.0,50.0,23.3
2026/09/14 18:33:36.646,1135.0,6141.0,24.0,50.0,26.33
2026/09/14 18:33:41.716,1135.0,6141.0,25.0,50.0,25.74
2026/09/14 18:33:46.779,1135.0,6141.0,13.0,50.0,26.48
2026/09/14 18:33:51.848,1135.0,6141.0,11.0,50.0,22.06
2026/09/14 18:33:56.914,1130.0,6141.0,18.0,50.0,24.85
2026/09/14 18:34:01.976,1130.0,6141.0,21.0,50.0,25.4
2026/09/14 18:34:07.054,1130.0,6141.0,22.0,50.0,25.02
2026/09/14 18:34:12.124,1130.0,6141.0,22.0,50.0,24.11
2026/09/14 18:34:17.190,1130.0,6141.0,20.0,50.0,25.02
2026/09/14 18:34:22.253,1130.0,6141.0,19.0,50.0,23.36
2026/09/14 18:34:27.323,1093.0,6141.0,25.0,50.0,24.84
2026/09/14 18:34:32.385,1093.0,6141.0,25.0,50.0,26.79
2026/09/14 18:34:37.454,1093.0,6141.0,20.0,50.0,25.26
2026/09/14 18:34:42.516,1093.0,6141.0,24.0,50.0,26.3
2026/09/14 18:34:47.578,1093.0,6141.0,18.0,50.0,24.33
2026/09/14 18:34:52.637,1093.0,6141.0,25.0,50.0,21.19
2026/09/14 18:34:57.703,1093.0,6141.0,19.0,49.0,24.27
2026/09/14 18:35:02.763,1093.0,6141.0,24.0,49.0,25.33
2026/09/14 18:35:07.820,1093.0,6141.0,24.0,49.0,25.67
2026/09/14 18:35:12.881,1093.0,6141.0,18.0,50.0,24.06
2026/09/14 18:35:17.944,1093.0,6141.0,17.0,50.0,27.57
2026/09/14 18:35:23.014,1093.0,6141.0,19.0,50.0,28.17
2026/09/14 18:35:28.093,1093.0,6141.0,18.0,50.0,25.01
2026/09/14 18:35:33.155,1093.0,6141.0,24.0,49.0,20.69
2026/09/14 18:35:38.214,1093.0,6141.0,18.0,50.0,24.97
2026/09/14 18:35:43.271,1093.0,6141.0,24.0,49.0,24.78
2026/09/14 18:35:48.329,1093.0,6141.0,22.0,50.0,25.85
2026/09/14 18:35:53.393,1093.0,6141.0,24.0,50.0,25.53
2026/09/14 18:35:58.466,1093.0,6141.0,24.0,50.0,26.53
2026/09/14 18:36:03.537,1093.0,6141.0,14.0,51.0,24.05
2026/09/14 18:36:08.600,1093.0,6141.0,18.0,51.0,25.47
2026/09/14 18:36:13.665,1093.0,6141.0,18.0,50.0,25.34
2026/09/14 18:36:18.726,1093.0,6141.0,22.0,50.0,25.75
2026/09/14 18:36:23.783,1093.0,6141.0,19.0,50.0,25.82
2026/09/14 18:36:28.862,1093.0,6141.0,23.0,50.0,28.3
2026/09/14 18:36:33.925,1093.0,6141.0,22.0,50.0,25.21
2026/09/14 18:36:38.988,1093.0,6141.0,24.0,50.0,25.45
2026/09/14 18:36:44.048,1093.0,6141.0,23.0,50.0,25.9
2026/09/14 18:36:49.105,1093.0,6141.0,42.0,49.0,33.06
2026/09/14 18:36:54.175,1093.0,6141.0,27.0,50.0,23.86
2026/09/14 18:36:59.233,1093.0,6141.0,17.0,51.0,24.34
2026/09/14 18:37:04.292,1093.0,6141.0,19.0,50.0,25.11
2026/09/14 18:37:09.361,1093.0,6141.0,24.0,50.0,25.61
2026/09/14 18:37:14.429,1093.0,6141.0,18.0,50.0,25.51
2026/09/14 18:37:19.503,1093.0,6141.0,19.0,50.0,25.3
2026/09/14 18:37:24.567,1093.0,6141.0,20.0,49.0,25.98
2026/09/14 18:37:29.624,1093.0,6141.0,19.0,48.0,23.39
2026/09/14 18:37:34.696,1093.0,6141.0,21.0,48.0,21.65
2026/09/14 18:37:39.757,1093.0,6141.0,23.0,47.0,25.16
2026/09/14 18:37:44.826,1093.0,6141.0,19.0,48.0,25.5
2026/09/14 18:37:49.889,1093.0,6141.0,19.0,48.0,20.58
2026/09/14 18:37:54.966,1093.0,6141.0,25.0,49.0,27.73
2026/09/14 18:38:00.023,1093.0,6141.0,23.0,48.0,25.1
2026/09/14 18:38:05.079,1093.0,6141.0,15.0,48.0,24.88
2026/09/14 18:38:10.149,1093.0,6141.0,26.0,49.0,27.09
2026/09/14 18:38:15.206,1093.0,6141.0,16.0,49.0,26.92
2026/09/14 18:38:20.264,1093.0,6141.0,19.0,49.0,25.18
2026/09/14 18:38:25.337,1093.0,6141.0,7.0,49.0,22.16
2026/09/14 18:38:30.406,1094.0,6141.0,16.0,50.0,25.17
2026/09/14 18:38:35.483,1095.0,6141.0,18.0,49.0,25.54
2026/09/14 18:38:40.552,1095.0,6141.0,14.0,50.0,25.2
2026/09/14 18:38:45.617,1095.0,6141.0,20.0,49.0,24.67
2026/09/14 18:38:50.673,1095.0,6141.0,19.0,50.0,24.41
2026/09/14 18:38:55.746,1095.0,6141.0,22.0,50.0,25.19
2026/09/14 18:39:00.815,1095.0,6141.0,14.0,50.0,23.05
2026/09/14 18:39:05.883,1095.0,6141.0,24.0,50.0,25.36
2026/09/14 18:39:10.952,1095.0,6141.0,20.0,50.0,23.26
2026/09/14 18:39:16.015,1095.0,6141.0,24.0,50.0,26.63
2026/09/14 18:39:21.094,1095.0,6141.0,24.0,50.0,25.13
2026/09/14 18:39:26.158,1096.0,6141.0,17.0,50.0,24.8
2026/09/14 18:39:31.228,1096.0,6141.0,24.0,50.0,27.07
2026/09/14 18:39:36.296,1096.0,6141.0,23.0,50.0,24.91
2026/09/14 18:39:41.370,1096.0,6141.0,25.0,50.0,25.75
2026/09/14 18:39:46.436,1096.0,6141.0,18.0,50.0,24.97
2026/09/14 18:39:51.502,1096.0,6141.0,18.0,50.0,21.16
2026/09/14 18:39:56.569,1096.0,6141.0,23.0,50.0,26.07
2026/09/14 18:40:01.626,1096.0,6141.0,23.0,50.0,25.21
2026/09/14 18:40:06.707,1096.0,6141.0,23.0,50.0,25.12
2026/09/14 18:40:11.768,1096.0,6141.0,19.0,51.0,25.16
2026/09/14 18:40:16.825,1096.0,6141.0,21.0,51.0,25.31
2026/09/14 18:40:21.893,1096.0,6141.0,23.0,51.0,31.39
2026/09/14 18:40:26.952,1096.0,6141.0,11.0,51.0,22.43
2026/09/14 18:40:32.010,1096.0,6141.0,25.0,50.0,27.05
2026/09/14 18:40:37.067,1096.0,6141.0,25.0,50.0,25.75
2026/09/14 18:40:42.127,1096.0,6141.0,25.0,50.0,25.31
2026/09/14 18:40:47.188,1096.0,6141.0,25.0,50.0,24.55
2026/09/14 18:40:52.253,1096.0,6141.0,19.0,50.0,25.15
2026/09/14 18:40:57.310,1096.0,6141.0,22.0,50.0,25.05
2026/09/14 18:41:02.373,1096.0,6141.0,19.0,50.0,25.05
2026/09/14 18:41:07.430,1096.0,6141.0,15.0,51.0,23.39
2026/09/14 18:41:12.490,1096.0,6141.0,19.0,51.0,25.16
2026/09/14 18:41:17.546,1096.0,6141.0,18.0,50.0,23.96
2026/09/14 18:41:22.607,1096.0,6141.0,20.0,51.0,22.65
2026/09/14 18:41:27.673,1096.0,6141.0,21.0,51.0,25.16
2026/09/14 18:41:32.738,1096.0,6141.0,22.0,50.0,25.05
2026/09/14 18:41:37.809,1096.0,6141.0,18.0,51.0,24.6
2026/09/14 18:41:42.875,1096.0,6141.0,25.0,50.0,25.4
2026/09/14 18:41:47.945,1096.0,6141.0,20.0,51.0,23.0
2026/09/14 18:41:53.009,1094.0,6141.0,24.0,50.0,25.25
2026/09/14 18:41:58.069,1094.0,6141.0,18.0,51.0,25.72
2026/09/14 18:42:03.127,1094.0,6141.0,21.0,50.0,25.03
2026/09/14 18:42:08.193,1094.0,6141.0,24.0,50.0,25.57
2026/09/14 18:42:13.259,1094.0,6141.0,20.0,51.0,25.07
2026/09/14 18:42:18.323,1094.0,6141.0,23.0,51.0,26.58
2026/09/14 18:42:23.393,1094.0,6141.0,24.0,51.0,25.27
2026/09/14 18:42:28.450,1094.0,6141.0,21.0,50.0,25.19
2026/09/14 18:42:33.515,1094.0,6141.0,16.0,50.0,23.86
2026/09/14 18:42:38.581,1094.0,6141.0,22.0,50.0,27.24
2026/09/14 18:42:43.640,1094.0,6141.0,21.0,50.0,25.19
2026/09/14 18:42:48.709,1094.0,6141.0,18.0,50.0,25.3
2026/09/14 18:42:53.767,1094.0,6141.0,15.0,51.0,21.15
2026/09/14 18:42:58.832,1094.0,6141.0,15.0,51.0,23.34
2026/09/14 18:43:03.890,1094.0,6141.0,22.0,51.0,20.89
2026/09/14 18:43:08.951,1094.0,6141.0,21.0,50.0,26.58
2026/09/14 18:43:14.023,1094.0,6141.0,19.0,51.0,25.49
2026/09/14 18:43:19.090,1094.0,6141.0,24.0,50.0,26.03
2026/09/14 18:43:24.152,1094.0,6141.0,17.0,50.0,26.04
2026/09/14 18:43:29.215,1094.0,6141.0,21.0,50.0,24.49
2026/09/14 18:43:34.283,1094.0,6141.0,19.0,49.0,24.81
2026/09/14 18:43:39.352,1094.0,6141.0,29.0,49.0,33.44
2026/09/14 18:43:44.414,1094.0,6141.0,23.0,48.0,25.28
2026/09/14 18:43:49.476,1094.0,6141.0,16.0,49.0,23.98
2026/09/14 18:43:54.540,1094.0,6141.0,25.0,48.0,26.63
2026/09/14 18:43:59.610,1094.0,6141.0,22.0,49.0,29.81
2026/09/14 18:44:04.673,1094.0,6141.0,18.0,49.0,24.3
2026/09/14 18:44:09.742,1094.0,6141.0,21.0,49.0,25.85
2026/09/14 18:44:14.800,1094.0,6141.0,18.0,49.0,25.12
2026/09/14 18:44:19.861,1094.0,6141.0,18.0,49.0,24.35
2026/09/14 18:44:24.921,1094.0,6141.0,27.0,49.0,26.41
2026/09/14 18:44:29.984,1094.0,6141.0,20.0,50.0,24.85
2026/09/14 18:44:35.060,1094.0,6141.0,22.0,49.0,23.29
2026/09/14 18:44:40.124,1094.0,6141.0,22.0,49.0,26.06
2026/09/14 18:44:45.180,1094.0,6141.0,24.0,50.0,30.04
2026/09/14 18:44:50.242,1094.0,6141.0,23.0,50.0,25.46
2026/09/14 18:44:55.305,1094.0,6141.0,23.0,50.0,25.42
2026/09/14 18:45:00.379,1094.0,6141.0,22.0,50.0,25.5
2026/09/14 18:45:05.444,1094.0,6141.0,19.0,50.0,25.02
2026/09/14 18:45:10.508,1094.0,6141.0,22.0,50.0,26.26
2026/09/14 18:45:15.576,1094.0,6141.0,12.0,50.0,24.03
2026/09/14 18:45:20.661,1094.0,6141.0,25.0,50.0,27.24
2026/09/14 18:45:25.725,1094.0,6141.0,27.0,50.0,25.61
2026/09/14 18:45:30.793,1094.0,6141.0,22.0,50.0,25.56
2026/09/14 18:45:35.853,1094.0,6141.0,18.0,50.0,24.7
2026/09/14 18:45:40.928,1094.0,6141.0,23.0,50.0,27.02
2026/09/14 18:45:45.991,1094.0,6141.0,18.0,50.0,25.76
2026/09/14 18:45:51.059,1094.0,6141.0,21.0,50.0,25.21
2026/09/14 18:45:56.142,1094.0,6141.0,17.0,51.0,25.21
2026/09/14 18:46:01.238,1094.0,6141.0,21.0,52.0,24.49
2026/09/14 18:46:06.299,1094.0,6141.0,21.0,51.0,25.23
2026/09/14 18:46:11.356,1094.0,6141.0,18.0,51.0,23.91
2026/09/14 18:46:16.427,1094.0,6141.0,22.0,50.0,27.77
2026/09/14 18:46:21.487,1094.0,6141.0,27.0,50.0,26.11
2026/09/14 18:46:26.551,1094.0,6141.0,19.0,49.0,30.54
2026/09/14 18:46:31.608,1094.0,6141.0,18.0,49.0,24.5
2026/09/14 18:46:36.672,1094.0,6141.0,17.0,50.0,24.06
2026/09/14 18:46:41.735,1094.0,6141.0,18.0,49.0,24.16
2026/09/14 18:46:46.794,1094.0,6141.0,18.0,49.0,24.98
2026/09/14 18:46:51.863,1094.0,6141.0,22.0,49.0,22.29
2026/09/14 18:46:56.924,1094.0,6141.0,15.0,49.0,23.23
2026/09/14 18:47:01.978,1094.0,6141.0,29.0,50.0,27.08
2026/09/14 18:47:07.045,1094.0,6141.0,22.0,49.0,25.22
2026/09/14 18:47:12.111,1094.0,6141.0,20.0,50.0,25.38
2026/09/14 18:47:17.177,1094.0,6141.0,16.0,49.0,24.75
2026/09/14 18:47:22.256,1094.0,6141.0,17.0,50.0,23.75
2026/09/14 18:47:27.316,1094.0,6141.0,19.0,49.0,24.59
2026/09/14 18:47:32.404,1094.0,6141.0,25.0,50.0,24.99
2026/09/14 18:47:37.473,1094.0,6141.0,23.0,49.0,24.36
2026/09/14 18:47:42.545,1094.0,6141.0,17.0,50.0,25.01
2026/09/14 18:47:47.602,1094.0,6141.0,18.0,50.0,21.82
2026/09/14 18:47:52.673,1094.0,6141.0,17.0,50.0,24.77
2026/09/14 18:47:57.734,1094.0,6141.0,17.0,51.0,23.81
2026/09/14 18:48:02.812,1094.0,6141.0,18.0,50.0,24.41
2026/09/14 18:48:07.877,1094.0,6141.0,18.0,50.0,29.23
2026/09/14 18:48:12.937,1094.0,6141.0,20.0,50.0,25.05
2026/09/14 18:48:17.995,1094.0,6141.0,15.0,50.0,23.89
2026/09/14 18:48:23.055,1094.0,6141.0,25.0,50.0,25.68
2026/09/14 18:48:28.132,1094.0,6141.0,20.0,50.0,23.28
2026/09/14 18:48:33.196,1094.0,6141.0,25.0,50.0,27.62
2026/09/14 18:48:38.263,1094.0,6141.0,23.0,50.0,27.97
2026/09/14 18:48:43.335,1094.0,6141.0,22.0,50.0,25.52
2026/09/14 18:48:48.408,1094.0,6141.0,19.0,50.0,24.23
2026/09/14 18:48:53.476,1094.0,6141.0,22.0,50.0,24.7
2026/09/14 18:48:58.559,1094.0,6141.0,17.0,51.0,24.99
2026/09/14 18:49:03.645,1094.0,6141.0,19.0,51.0,21.53
2026/09/14 18:49:08.710,1094.0,6141.0,18.0,51.0,24.02
2026/09/14 18:49:13.774,1094.0,6141.0,21.0,51.0,22.92
2026/09/14 18:49:18.844,1094.0,6141.0,18.0,51.0,24.83
2026/09/14 18:49:23.907,1094.0,6141.0,15.0,50.0,23.78
2026/09/14 18:49:28.968,1094.0,6141.0,16.0,50.0,23.27
2026/09/14 18:49:34.059,1094.0,6141.0,24.0,49.0,20.55
2026/09/14 18:49:39.123,1094.0,6141.0,25.0,49.0,26.87
2026/09/14 18:49:44.186,1094.0,6141.0,26.0,48.0,25.3
2026/09/14 18:49:49.694,1055.0,6141.0,21.0,49.0,24.04
2026/09/14 18:49:54.918,1055.0,6141.0,19.0,50.0,24.17
2026/09/14 18:50:00.413,1055.0,6141.0,7.0,49.0,22.95
2026/09/14 18:50:05.654,1055.0,6141.0,18.0,50.0,24.61
2026/09/14 18:50:10.714,1055.0,6141.0,21.0,50.0,24.59
2026/09/14 18:50:15.779,1057.0,6141.0,23.0,51.0,25.67
2026/09/14 18:50:20.835,1057.0,6141.0,23.0,50.0,25.55
2026/09/14 18:50:25.901,1061.0,6141.0,22.0,50.0,25.12
2026/09/14 18:50:30.968,1061.0,6141.0,18.0,50.0,23.77
2026/09/14 18:50:36.025,1061.0,6141.0,23.0,49.0,25.37
2026/09/14 18:50:41.087,1061.0,6141.0,24.0,49.0,37.31
2026/09/14 18:50:46.152,1061.0,6141.0,18.0,49.0,29.08
2026/09/14 18:50:51.214,1061.0,6141.0,20.0,49.0,24.86
2026/09/14 18:50:56.275,1061.0,6141.0,22.0,49.0,26.01
2026/09/14 18:51:01.335,1061.0,6141.0,18.0,49.0,24.03
2026/09/14 18:51:06.393,1061.0,6141.0,22.0,49.0,25.7
2026/09/14 18:51:11.458,1061.0,6141.0,17.0,50.0,20.34
2026/09/14 18:51:16.547,1061.0,6141.0,20.0,50.0,25.56
2026/09/14 18:51:21.608,1061.0,6141.0,22.0,50.0,25.66
2026/09/14 18:51:26.671,1061.0,6141.0,19.0,50.0,25.23
2026/09/14 18:51:31.738,1061.0,6141.0,23.0,50.0,25.73
2026/09/14 18:51:36.802,1061.0,6141.0,24.0,50.0,26.44
2026/09/14 18:51:41.866,1061.0,6141.0,24.0,50.0,25.61
2026/09/14 18:51:46.927,1061.0,6141.0,18.0,50.0,24.62
2026/09/14 18:51:51.998,1061.0,6141.0,16.0,50.0,23.68
2026/09/14 18:51:57.058,1061.0,6141.0,7.0,49.0,19.8
2026/09/14 18:52:02.128,1061.0,6141.0,22.0,50.0,25.8
2026/09/14 18:52:07.184,1061.0,6141.0,21.0,51.0,24.56
2026/09/14 18:52:12.263,1061.0,6141.0,18.0,51.0,25.51
2026/09/14 18:52:17.323,1061.0,6141.0,17.0,51.0,24.0
2026/09/14 18:52:22.392,1061.0,6141.0,23.0,50.0,25.59
2026/09/14 18:52:27.460,1061.0,6141.0,22.0,50.0,25.1
2026/09/14 18:52:32.544,1061.0,6141.0,23.0,51.0,29.7
2026/09/14 18:52:37.608,1061.0,6141.0,19.0,50.0,24.37
2026/09/14 18:52:42.673,1061.0,6141.0,25.0,50.0,25.24
2026/09/14 18:52:47.736,1061.0,6141.0,21.0,50.0,20.93
2026/09/14 18:52:52.795,1061.0,6141.0,19.0,50.0,22.08
2026/09/14 18:52:57.850,1061.0,6141.0,23.0,51.0,25.28
2026/09/14 18:53:02.918,1061.0,6141.0,19.0,50.0,24.29
2026/09/14 18:53:07.973,1061.0,6141.0,20.0,50.0,24.47
2026/09/14 18:53:13.040,1061.0,6141.0,25.0,50.0,26.08
2026/09/14 18:53:18.107,1061.0,6141.0,17.0,51.0,25.22
2026/09/14 18:53:23.168,1062.0,6141.0,21.0,50.0,25.34
2026/09/14 18:53:28.237,1062.0,6141.0,23.0,50.0,27.49
2026/09/14 18:53:33.297,1062.0,6141.0,19.0,50.0,25.22
2026/09/14 18:53:38.365,1062.0,6141.0,24.0,50.0,26.35
2026/09/14 18:53:43.424,1358.0,6141.0,32.0,51.0,21.81
2026/09/14 18:53:48.484,1226.0,6141.0,35.0,50.0,29.39
2026/09/14 18:53:53.550,1197.0,6141.0,17.0,51.0,24.72
2026/09/14 18:53:58.608,1197.0,6141.0,19.0,51.0,24.67
2026/09/14 18:54:03.665,1197.0,6141.0,18.0,51.0,24.76
2026/09/14 18:54:08.723,1196.0,6141.0,25.0,50.0,28.29
2026/09/14 18:54:13.787,1195.0,6141.0,25.0,50.0,27.6
2026/09/14 18:54:18.853,1195.0,6141.0,23.0,50.0,27.08
2026/09/14 18:54:23.922,1189.0,6141.0,25.0,50.0,25.08
2026/09/14 18:54:28.983,1180.0,6141.0,25.0,50.0,25.54
2026/09/14 18:54:34.041,1180.0,6141.0,23.0,50.0,26.1
2026/09/14 18:54:39.117,1180.0,6141.0,17.0,51.0,24.14
2026/09/14 18:54:44.180,1210.0,6141.0,23.0,50.0,25.82
2026/09/14 18:54:49.243,1217.0,6141.0,33.0,50.0,27.64
2026/09/14 18:54:54.309,1300.0,6141.0,31.0,50.0,30.76
2026/09/14 18:54:59.366,1297.0,6141.0,21.0,50.0,24.74
2026/09/14 18:55:04.470,1297.0,6141.0,44.0,53.0,35.82
2026/09/14 18:55:09.552,1297.0,6141.0,21.0,51.0,25.91
2026/09/14 18:55:14.617,1297.0,6141.0,21.0,51.0,26.11
2026/09/14 18:55:19.678,1297.0,6141.0,18.0,51.0,24.23
2026/09/14 18:55:24.749,1223.0,6141.0,21.0,50.0,25.41
2026/09/14 18:55:29.808,1224.0,6141.0,22.0,50.0,29.85
2026/09/14 18:55:34.864,1224.0,6141.0,29.0,50.0,27.46
2026/09/14 18:55:40.651,1224.0,6141.0,20.0,50.0,24.86
2026/09/14 18:55:45.845,1224.0,6141.0,15.0,50.0,24.55
2026/09/14 18:55:51.032,1116.0,6141.0,20.0,50.0,24.68
2026/09/14 18:55:56.101,1116.0,6141.0,17.0,50.0,24.76
2026/09/14 18:56:01.232,1110.0,6141.0,24.0,50.0,25.05
2026/09/14 18:56:06.391,1110.0,6141.0,17.0,49.0,24.34
2026/09/14 18:56:11.541,1102.0,6141.0,7.0,49.0,20.06
2026/09/14 18:56:16.628,1102.0,6141.0,2.0,49.0,18.38
2026/09/14 18:56:21.702,1102.0,6141.0,16.0,49.0,23.83
2026/09/14 18:56:26.813,1103.0,6141.0,18.0,50.0,24.74
2026/09/14 18:56:31.898,1103.0,6141.0,21.0,50.0,24.94
2026/09/14 18:56:36.960,1103.0,6141.0,21.0,49.0,25.92
2026/09/14 18:56:42.019,1103.0,6141.0,46.0,51.0,36.09
2026/09/14 18:56:47.089,1103.0,6141.0,16.0,50.0,23.89
2026/09/14 18:56:52.169,1105.0,6141.0,27.0,49.0,28.02
2026/09/14 18:56:57.243,1105.0,6141.0,23.0,49.0,25.15
2026/09/14 18:57:02.306,1246.0,6141.0,21.0,50.0,24.51
2026/09/14 18:57:07.368,1204.0,6141.0,24.0,50.0,25.08
2026/09/14 18:57:12.428,1204.0,6141.0,23.0,49.0,24.82
2026/09/14 18:57:17.497,1204.0,6141.0,19.0,50.0,24.8
2026/09/14 18:57:22.564,1184.0,6141.0,17.0,50.0,23.25
2026/09/14 18:57:27.630,1183.0,6141.0,22.0,49.0,25.97
2026/09/14 18:57:32.690,1183.0,6141.0,22.0,49.0,24.87
2026/09/14 18:57:37.761,1328.0,6141.0,34.0,49.0,27.62
2026/09/14 18:57:42.838,1268.0,6141.0,24.0,49.0,26.84
2026/09/14 18:57:47.922,1284.0,6141.0,20.0,50.0,22.24
2026/09/14 18:57:53.014,1171.0,6141.0,22.0,50.0,25.23
2026/09/14 18:57:58.105,1238.0,6141.0,26.0,49.0,25.36
2026/09/14 18:58:03.172,1204.0,6141.0,25.0,49.0,25.07
2026/09/14 18:58:08.416,1203.0,6141.0,0.0,48.0,18.35
2026/09/14 18:58:13.617,1193.0,6141.0,14.0,49.0,23.03
2026/09/14 18:58:19.127,1193.0,6141.0,14.0,49.0,22.98
2026/09/14 18:58:24.405,1199.0,6141.0,15.0,49.0,23.47
2026/09/14 18:58:29.530,1199.0,6141.0,5.0,49.0,19.86
2026/09/14 18:58:34.654,1181.0,6141.0,16.0,50.0,24.36
2026/09/14 18:58:39.719,1181.0,6141.0,17.0,50.0,24.75
2026/09/14 18:58:44.786,1181.0,6141.0,17.0,50.0,25.25
2026/09/14 18:58:49.857,1171.0,6141.0,22.0,49.0,25.7
2026/09/14 18:58:54.923,1171.0,6141.0,18.0,49.0,23.95
2026/09/14 18:58:59.986,1163.0,6141.0,12.0,50.0,23.75
2026/09/14 18:59:05.084,1163.0,6141.0,16.0,50.0,24.99
2026/09/14 18:59:10.176,1163.0,6141.0,20.0,49.0,24.42
2026/09/14 18:59:15.254,1182.0,6141.0,11.0,50.0,26.28
2026/09/14 18:59:20.316,1168.0,6141.0,22.0,49.0,25.35
2026/09/14 18:59:25.374,1169.0,6141.0,21.0,50.0,24.21
2026/09/14 18:59:30.445,1187.0,6141.0,17.0,50.0,28.89
2026/09/14 18:59:35.505,1191.0,6141.0,21.0,50.0,25.39
2026/09/14 18:59:40.578,1191.0,6141.0,21.0,50.0,24.81
2026/09/14 18:59:45.643,1190.0,6141.0,24.0,50.0,27.98
2026/09/14 18:59:50.711,1189.0,6141.0,22.0,50.0,26.31
2026/09/14 18:59:55.779,1184.0,6141.0,25.0,50.0,25.7
2026/09/14 19:00:00.836,1184.0,6141.0,22.0,50.0,25.41
2026/09/14 19:00:05.906,1224.0,6141.0,27.0,51.0,25.59
2026/09/14 19:00:10.971,1181.0,6141.0,29.0,50.0,25.16
2026/09/14 19:00:16.035,1184.0,6141.0,23.0,50.0,25.62
2026/09/14 19:00:21.092,1156.0,6141.0,22.0,50.0,25.65
2026/09/14 19:00:26.154,1161.0,6141.0,21.0,50.0,25.05
2026/09/14 19:00:31.217,1161.0,6141.0,36.0,53.0,31.92
2026/09/14 19:00:36.299,1199.0,6141.0,17.0,51.0,23.57
2026/09/14 19:00:41.371,1196.0,6141.0,18.0,51.0,24.3
2026/09/14 19:00:46.448,1316.0,6141.0,24.0,51.0,27.39
2026/09/14 19:00:51.560,1209.0,6141.0,22.0,51.0,25.8
2026/09/14 19:00:56.702,1312.0,6141.0,32.0,51.0,25.61
2026/09/14 19:01:01.769,1219.0,6141.0,24.0,51.0,25.98
2026/09/14 19:01:06.828,1210.0,6141.0,45.0,53.0,39.0
2026/09/14 19:01:11.903,1219.0,6141.0,13.0,52.0,22.98
2026/09/14 19:01:16.981,1224.0,6141.0,34.0,51.0,26.0
2026/09/14 19:01:22.040,1201.0,6141.0,28.0,51.0,22.1
2026/09/14 19:01:27.110,1209.0,6141.0,24.0,51.0,25.91
2026/09/14 19:01:32.178,1209.0,6141.0,31.0,51.0,26.22
2026/09/14 19:01:37.247,1202.0,6141.0,27.0,50.0,26.69
2026/09/14 19:01:42.322,1199.0,6141.0,26.0,49.0,30.95
2026/09/14 19:01:47.387,1207.0,6141.0,28.0,49.0,24.67
2026/09/14 19:01:52.451,1199.0,6141.0,29.0,49.0,25.91
2026/09/14 19:01:57.521,1196.0,6141.0,21.0,49.0,27.61
2026/09/14 19:02:02.584,1207.0,6141.0,27.0,49.0,25.58
2026/09/14 19:02:07.655,1199.0,6141.0,25.0,50.0,25.71
2026/09/14 19:02:12.712,1207.0,6141.0,27.0,50.0,26.02
2026/09/14 19:02:17.776,1360.0,6141.0,30.0,50.0,25.76
2026/09/14 19:02:22.844,1286.0,6141.0,36.0,50.0,26.06
2026/09/14 19:02:27.919,1208.0,6141.0,29.0,51.0,24.16
2026/09/14 19:02:32.979,1201.0,6141.0,49.0,53.0,37.1
2026/09/14 19:02:38.052,1184.0,6141.0,39.0,53.0,36.63
2026/09/14 19:02:43.114,1184.0,6141.0,49.0,51.0,30.72
2026/09/14 19:02:48.190,1202.0,6141.0,16.0,50.0,25.23
2026/09/14 19:02:53.261,1193.0,6141.0,19.0,50.0,25.16
2026/09/14 19:02:58.323,1176.0,6141.0,21.0,50.0,25.07
2026/09/14 19:03:03.387,1176.0,6141.0,22.0,49.0,25.46
2026/09/14 19:03:08.486,1176.0,6141.0,20.0,48.0,25.6
2026/09/14 19:03:13.567,1176.0,6141.0,22.0,48.0,26.12
2026/09/14 19:03:18.681,1176.0,6141.0,14.0,48.0,22.77
2026/09/14 19:03:23.773,1177.0,6141.0,23.0,47.0,25.7
2026/09/14 19:03:28.831,1177.0,6141.0,11.0,48.0,26.06
2026/09/14 19:03:33.895,1177.0,6141.0,24.0,48.0,24.74
2026/09/14 19:03:38.959,1266.0,6141.0,35.0,48.0,25.56
2026/09/14 19:03:44.046,1197.0,6141.0,23.0,49.0,25.18
2026/09/14 19:03:49.125,1187.0,6141.0,22.0,50.0,24.69
2026/09/14 19:03:54.185,1187.0,6141.0,20.0,49.0,25.76
2026/09/14 19:03:59.255,1187.0,6141.0,26.0,50.0,26.72
2026/09/14 19:04:04.315,1187.0,6141.0,23.0,50.0,25.03
2026/09/14 19:04:09.382,1187.0,6141.0,26.0,50.0,26.38
2026/09/14 19:04:14.466,1186.0,6141.0,25.0,50.0,25.92
2026/09/14 19:04:19.530,1186.0,6141.0,27.0,50.0,25.29
2026/09/14 19:04:24.596,1187.0,6141.0,22.0,50.0,25.74
2026/09/14 19:04:29.673,1187.0,6141.0,19.0,51.0,25.63
2026/09/14 19:04:34.740,1187.0,6141.0,27.0,50.0,31.58
2026/09/14 19:04:39.808,1187.0,6141.0,18.0,51.0,35.71
2026/09/14 19:04:44.867,1187.0,6141.0,25.0,51.0,25.84
2026/09/14 19:04:49.928,1187.0,6141.0,22.0,50.0,25.64
2026/09/14 19:04:54.993,1187.0,6141.0,22.0,51.0,25.57
2026/09/14 19:05:00.049,1187.0,6141.0,21.0,51.0,25.2
2026/09/14 19:05:05.118,1187.0,6141.0,20.0,51.0,25.97
2026/09/14 19:05:10.176,1187.0,6141.0,24.0,51.0,26.29
2026/09/14 19:05:15.242,1187.0,6141.0,27.0,51.0,26.72
2026/09/14 19:05:20.304,1187.0,6141.0,19.0,51.0,25.02
2026/09/14 19:05:25.366,1187.0,6141.0,24.0,51.0,26.34
2026/09/14 19:05:30.428,1187.0,6141.0,20.0,51.0,25.07
2026/09/14 19:05:35.496,1187.0,6141.0,21.0,51.0,24.58
2026/09/14 19:05:40.556,1185.0,6141.0,21.0,50.0,23.97
2026/09/14 19:05:45.613,1245.0,6141.0,21.0,51.0,25.7
2026/09/14 19:05:50.672,1205.0,6141.0,26.0,51.0,25.87
2026/09/14 19:05:55.764,1209.0,6141.0,28.0,50.0,25.66
2026/09/14 19:06:00.840,1223.0,6141.0,22.0,51.0,25.48
2026/09/14 19:06:05.921,1211.0,6141.0,16.0,51.0,24.36
2026/09/14 19:06:11.024,1286.0,6141.0,38.0,51.0,25.69
2026/09/14 19:06:16.120,1224.0,6141.0,29.0,51.0,25.74
2026/09/14 19:06:21.191,1209.0,6141.0,28.0,51.0,25.42
2026/09/14 19:06:26.266,1210.0,6141.0,28.0,51.0,26.89
2026/09/14 19:06:31.332,1210.0,6141.0,27.0,51.0,25.57
2026/09/14 19:06:36.389,1210.0,6141.0,27.0,51.0,25.73
2026/09/14 19:06:41.448,1210.0,6141.0,25.0,51.0,27.48
2026/09/14 19:06:46.512,1210.0,6141.0,30.0,51.0,25.9
2026/09/14 19:06:51.572,1210.0,6141.0,29.0,50.0,27.52
2026/09/14 19:06:56.638,1210.0,6141.0,30.0,50.0,25.8
2026/09/14 19:07:01.695,1210.0,6141.0,35.0,52.0,29.0
2026/09/14 19:07:06.791,1209.0,6141.0,25.0,50.0,24.48
2026/09/14 19:07:11.870,1209.0,6141.0,20.0,52.0,29.4
2026/09/14 19:07:16.933,1219.0,6141.0,26.0,50.0,25.75
2026/09/14 19:07:21.996,1219.0,6141.0,31.0,49.0,25.85
2026/09/14 19:07:27.062,1237.0,6141.0,37.0,49.0,25.02
2026/09/14 19:07:32.129,1224.0,6141.0,21.0,50.0,25.1
2026/09/14 19:07:37.201,1209.0,6141.0,29.0,49.0,25.46
2026/09/14 19:07:42.282,1212.0,6141.0,19.0,49.0,23.2
2026/09/14 19:07:47.351,1217.0,6141.0,23.0,48.0,21.14
2026/09/14 19:07:52.416,1221.0,6141.0,26.0,49.0,25.73
2026/09/14 19:07:57.480,1233.0,6141.0,25.0,49.0,25.69
2026/09/14 19:08:02.539,1265.0,6141.0,28.0,50.0,25.57
2026/09/14 19:08:07.638,1279.0,6141.0,30.0,50.0,25.65
2026/09/14 19:08:12.704,1243.0,6141.0,29.0,50.0,25.42
2026/09/14 19:08:17.784,1231.0,6141.0,29.0,50.0,26.56
2026/09/14 19:08:22.866,1231.0,6141.0,23.0,50.0,24.22
2026/09/14 19:08:27.970,1230.0,6141.0,27.0,50.0,25.57
2026/09/14 19:08:33.060,1228.0,6141.0,12.0,50.0,25.11
2026/09/14 19:08:38.133,1221.0,6141.0,28.0,50.0,20.92
2026/09/14 19:08:43.195,1234.0,6141.0,24.0,50.0,24.73
2026/09/14 19:08:48.252,1233.0,6141.0,31.0,51.0,26.55
2026/09/14 19:08:53.311,1233.0,6141.0,27.0,51.0,25.59
2026/09/14 19:08:58.386,1229.0,6141.0,24.0,50.0,24.48
2026/09/14 19:09:03.465,1228.0,6141.0,24.0,50.0,24.64
2026/09/14 19:09:08.547,1228.0,6141.0,24.0,50.0,25.53
2026/09/14 19:09:13.613,1228.0,6141.0,34.0,50.0,26.28
2026/09/14 19:09:18.678,1228.0,6141.0,28.0,50.0,25.56
2026/09/14 19:09:23.740,1229.0,6141.0,26.0,50.0,25.63
2026/09/14 19:09:28.805,1223.0,6141.0,22.0,51.0,24.9
2026/09/14 19:09:33.877,1220.0,6141.0,27.0,50.0,26.12
2026/09/14 19:09:38.945,1220.0,6141.0,25.0,50.0,25.62
2026/09/14 19:09:44.012,1223.0,6141.0,25.0,50.0,25.37
2026/09/14 19:09:49.081,1225.0,6141.0,21.0,50.0,25.3
2026/09/14 19:09:54.154,1219.0,6141.0,31.0,50.0,25.35
2026/09/14 19:09:59.610,1228.0,6141.0,16.0,50.0,23.19
2026/09/14 19:10:05.831,1142.0,6141.0,10.0,50.0,19.41
2026/09/14 19:10:15.503,1124.0,6141.0,5.0,50.0,18.93
2026/09/14 19:10:22.366,1115.0,6141.0,27.0,49.0,26.18
2026/09/14 19:10:27.427,1119.0,6141.0,27.0,49.0,25.43
2026/09/14 19:10:32.489,1113.0,6141.0,27.0,49.0,25.59
2026/09/14 19:10:37.558,1113.0,6141.0,29.0,49.0,27.13
2026/09/14 19:10:42.638,1129.0,6141.0,20.0,49.0,25.61
2026/09/14 19:10:47.702,1110.0,6141.0,21.0,50.0,24.24
2026/09/14 19:10:52.764,1112.0,6141.0,21.0,50.0,25.73
2026/09/14 19:10:57.828,1112.0,6141.0,29.0,49.0,25.86
2026/09/14 19:11:02.900,1113.0,6141.0,27.0,50.0,25.95
2026/09/14 19:11:07.969,1112.0,6141.0,25.0,49.0,23.41
2026/09/14 19:11:13.032,1112.0,6141.0,20.0,50.0,25.64
2026/09/14 19:11:18.103,1112.0,6141.0,23.0,50.0,25.97
2026/09/14 19:11:23.172,1125.0,6141.0,23.0,50.0,25.47
2026/09/14 19:11:28.234,1153.0,6141.0,18.0,50.0,25.52
2026/09/14 19:11:33.304,1144.0,6141.0,29.0,50.0,25.07
2026/09/14 19:11:38.373,1155.0,6141.0,24.0,50.0,25.52
2026/09/14 19:11:43.431,1206.0,6141.0,20.0,50.0,25.5
2026/09/14 19:11:48.505,1146.0,6141.0,30.0,49.0,24.88
2026/09/14 19:11:53.590,1139.0,6141.0,23.0,48.0,22.53
2026/09/14 19:11:58.660,1146.0,6141.0,27.0,49.0,25.4
2026/09/14 19:12:03.731,1139.0,6141.0,19.0,49.0,24.25
2026/09/14 19:12:08.799,1138.0,6141.0,28.0,50.0,26.74
2026/09/14 19:12:13.867,1137.0,6141.0,30.0,50.0,26.99
2026/09/14 19:12:18.933,1137.0,6141.0,26.0,51.0,25.15
2026/09/14 19:12:24.016,1137.0,6141.0,24.0,50.0,25.69
2026/09/14 19:12:29.075,1136.0,6141.0,25.0,50.0,25.04
2026/09/14 19:12:34.174,1136.0,6141.0,25.0,50.0,26.08
2026/09/14 19:12:39.241,1136.0,6141.0,19.0,51.0,22.38
2026/09/14 19:12:44.310,1136.0,6141.0,27.0,51.0,25.62
2026/09/14 19:12:49.369,1136.0,6141.0,21.0,51.0,24.65
2026/09/14 19:12:54.449,1136.0,6141.0,28.0,51.0,25.89
2026/09/14 19:12:59.510,1136.0,6141.0,23.0,51.0,25.34
2026/09/14 19:13:04.574,1136.0,6141.0,21.0,51.0,24.32
2026/09/14 19:13:09.636,1152.0,6141.0,21.0,51.0,25.83
2026/09/14 19:13:14.698,1148.0,6141.0,25.0,52.0,25.81
2026/09/14 19:13:19.768,1147.0,6141.0,26.0,51.0,26.85
2026/09/14 19:13:24.838,1153.0,6141.0,28.0,51.0,25.83
2026/09/14 19:13:29.896,1146.0,6141.0,27.0,52.0,28.27
2026/09/14 19:13:34.965,1139.0,6141.0,19.0,52.0,25.82
2026/09/14 19:13:40.032,1139.0,6141.0,41.0,55.0,36.22
2026/09/14 19:13:45.103,1136.0,6141.0,21.0,53.0,27.89
2026/09/14 19:13:50.173,1136.0,6141.0,26.0,53.0,25.64
2026/09/14 19:13:55.240,1136.0,6141.0,28.0,52.0,21.43
2026/09/14 19:14:00.310,1149.0,6141.0,30.0,52.0,27.49
2026/09/14 19:14:05.375,1150.0,6141.0,4.0,51.0,21.56
2026/09/14 19:14:10.435,1150.0,6141.0,29.0,52.0,26.14
2026/09/14 19:14:15.496,1142.0,6141.0,32.0,53.0,26.4
2026/09/14 19:14:20.580,1134.0,6141.0,27.0,53.0,29.39
2026/09/14 19:14:25.637,1132.0,6141.0,25.0,53.0,26.04
2026/09/14 19:14:30.704,1132.0,6141.0,17.0,52.0,24.85
2026/09/14 19:14:35.775,1132.0,6141.0,17.0,53.0,23.92
2026/09/14 19:14:40.844,1132.0,6141.0,20.0,53.0,23.97
2026/09/14 19:14:45.904,1131.0,6141.0,25.0,53.0,32.95
2026/09/14 19:14:50.968,1131.0,6141.0,23.0,52.0,26.08
2026/09/14 19:14:56.047,1131.0,6141.0,26.0,51.0,26.19
2026/09/14 19:15:01.128,1131.0,6141.0,38.0,53.0,33.03
2026/09/14 19:15:06.235,1150.0,6141.0,21.0,51.0,25.18
2026/09/14 19:15:11.336,1160.0,6141.0,15.0,50.0,23.48
2026/09/14 19:15:16.409,1105.0,6141.0,18.0,50.0,22.89
2026/09/14 19:15:21.487,1251.0,6141.0,29.0,50.0,25.19
2026/09/14 19:15:26.567,1182.0,6141.0,24.0,50.0,25.29
2026/09/14 19:15:31.642,1175.0,6141.0,23.0,50.0,25.79
2026/09/14 19:15:36.726,1175.0,6141.0,25.0,49.0,25.72
2026/09/14 19:15:41.787,1175.0,6141.0,24.0,50.0,25.59
2026/09/14 19:15:46.856,1158.0,6141.0,31.0,49.0,25.42
2026/09/14 19:15:51.920,1150.0,6141.0,22.0,50.0,25.5
2026/09/14 19:15:56.994,1162.0,6141.0,26.0,50.0,25.06
2026/09/14 19:16:02.058,1154.0,6141.0,20.0,50.0,24.3
2026/09/14 19:16:07.130,1146.0,6141.0,20.0,50.0,25.32
2026/09/14 19:16:12.223,1144.0,6141.0,30.0,50.0,25.54
2026/09/14 19:16:17.294,1165.0,6141.0,19.0,50.0,24.37
2026/09/14 19:16:22.354,1153.0,6141.0,25.0,50.0,25.66
2026/09/14 19:16:27.422,1169.0,6141.0,33.0,50.0,26.86
2026/09/14 19:16:32.488,1134.0,6141.0,24.0,50.0,24.57
2026/09/14 19:16:37.553,1128.0,6141.0,31.0,51.0,25.37
2026/09/14 19:16:42.617,1116.0,6141.0,31.0,50.0,23.98
2026/09/14 19:16:47.686,1116.0,6141.0,30.0,50.0,27.04
2026/09/14 19:16:52.755,1115.0,6141.0,20.0,50.0,24.8
2026/09/14 19:16:57.826,1115.0,6141.0,25.0,50.0,26.89
2026/09/14 19:17:02.890,1115.0,6141.0,29.0,50.0,26.43
2026/09/14 19:17:07.960,1127.0,6141.0,30.0,50.0,26.75
2026/09/14 19:17:13.023,1118.0,6141.0,30.0,50.0,25.03
2026/09/14 19:17:18.095,1116.0,6141.0,25.0,50.0,25.36
2026/09/14 19:17:23.165,1111.0,6141.0,21.0,50.0,23.97
2026/09/14 19:17:28.225,1137.0,6141.0,20.0,50.0,23.72
2026/09/14 19:17:33.283,1161.0,6141.0,25.0,51.0,20.43
2026/09/14 19:17:38.387,1233.0,6141.0,24.0,51.0,25.53
2026/09/14 19:17:43.471,1217.0,6141.0,22.0,51.0,24.73
2026/09/14 19:17:48.530,1180.0,6141.0,19.0,51.0,25.22
2026/09/14 19:17:53.587,1162.0,6141.0,23.0,52.0,26.42
2026/09/14 19:17:58.650,1162.0,6141.0,27.0,51.0,26.14
2026/09/14 19:18:03.826,1156.0,6141.0,26.0,50.0,20.17
2026/09/14 19:18:08.920,1180.0,6141.0,25.0,50.0,23.23
2026/09/14 19:18:13.979,1170.0,6141.0,20.0,51.0,24.38
2026/09/14 19:18:19.036,1198.0,6141.0,24.0,51.0,25.9
2026/09/14 19:18:24.091,1188.0,6141.0,26.0,50.0,26.02
2026/09/14 19:18:29.161,1195.0,6141.0,21.0,51.0,28.03
2026/09/14 19:18:34.219,1401.0,6141.0,37.0,51.0,25.48
2026/09/14 19:18:39.289,1400.0,6141.0,29.0,51.0,27.18
2026/09/14 19:18:44.374,1375.0,6141.0,30.0,51.0,27.78
2026/09/14 19:18:49.442,1365.0,6141.0,34.0,51.0,25.6
2026/09/14 19:18:54.511,1480.0,6141.0,39.0,50.0,28.98
2026/09/14 19:18:59.579,1377.0,6141.0,29.0,50.0,27.08
2026/09/14 19:19:04.664,1325.0,6141.0,43.0,51.0,31.36
2026/09/14 19:19:09.751,1277.0,6141.0,32.0,51.0,26.13
2026/09/14 19:19:14.822,1282.0,6141.0,26.0,50.0,25.83
2026/09/14 19:19:19.901,1290.0,6141.0,27.0,51.0,25.4
2026/09/14 19:19:24.971,1290.0,6141.0,25.0,51.0,25.21
2026/09/14 19:19:30.032,1344.0,6141.0,29.0,51.0,26.05
2026/09/14 19:19:35.113,1295.0,6141.0,34.0,50.0,26.14
2026/09/14 19:19:40.178,1321.0,6141.0,17.0,50.0,25.99
2026/09/14 19:19:45.247,1291.0,6141.0,28.0,49.0,25.99
2026/09/14 19:19:50.303,1326.0,6141.0,34.0,49.0,26.08
2026/09/14 19:19:55.372,1292.0,6141.0,30.0,49.0,25.6
2026/09/14 19:20:00.437,1287.0,6141.0,33.0,49.0,25.83
2026/09/14 19:20:05.520,1311.0,6141.0,29.0,49.0,25.57
2026/09/14 19:20:10.599,1322.0,6141.0,32.0,49.0,25.79
2026/09/14 19:20:15.674,1363.0,6141.0,16.0,49.0,25.23
2026/09/14 19:20:20.735,1244.0,6141.0,21.0,48.0,23.94
2026/09/14 19:20:25.820,1239.0,6141.0,13.0,48.0,20.42
2026/09/14 19:20:30.878,1239.0,6141.0,10.0,49.0,24.14
2026/09/14 19:20:35.957,1239.0,6141.0,22.0,49.0,26.19
2026/09/14 19:20:41.077,1239.0,6141.0,16.0,49.0,24.87
2026/09/14 19:20:46.240,1239.0,6141.0,24.0,49.0,25.2
2026/09/14 19:20:51.342,1293.0,6141.0,31.0,49.0,25.84
2026/09/14 19:20:56.416,1246.0,6141.0,27.0,50.0,26.11
2026/09/14 19:21:01.506,1246.0,6141.0,11.0,48.0,19.89
2026/09/14 19:21:06.603,1261.0,6141.0,32.0,49.0,26.18
2026/09/14 19:21:11.743,1260.0,6141.0,15.0,49.0,20.15
2026/09/14 19:21:16.833,1257.0,6141.0,23.0,49.0,27.44
2026/09/14 19:21:21.915,1258.0,6141.0,24.0,49.0,23.69
2026/09/14 19:21:26.982,1247.0,6141.0,25.0,49.0,25.31
2026/09/14 19:21:32.040,1247.0,6141.0,24.0,49.0,25.25
2026/09/14 19:21:37.108,1247.0,6141.0,24.0,50.0,22.77
2026/09/14 19:21:42.167,1247.0,6141.0,29.0,49.0,26.89
2026/09/14 19:21:47.247,1265.0,6141.0,34.0,50.0,26.4
2026/09/14 19:21:52.324,1266.0,6141.0,29.0,51.0,20.83
2026/09/14 19:21:57.395,1274.0,6141.0,31.0,51.0,28.41
2026/09/14 19:22:02.456,1254.0,6141.0,24.0,51.0,27.32
2026/09/14 19:22:07.525,1249.0,6141.0,31.0,51.0,31.41
2026/09/14 19:22:12.622,1286.0,6141.0,31.0,52.0,25.43
2026/09/14 19:22:17.695,1273.0,6141.0,30.0,52.0,24.79
2026/09/14 19:22:22.780,1335.0,6141.0,32.0,51.0,25.51
2026/09/14 19:22:27.859,1295.0,6141.0,30.0,52.0,25.77
2026/09/14 19:22:32.923,1281.0,6141.0,18.0,51.0,25.39
2026/09/14 19:22:38.056,1274.0,6141.0,34.0,51.0,25.94
2026/09/14 19:22:43.121,1264.0,6141.0,28.0,50.0,25.26
2026/09/14 19:22:48.187,1272.0,6141.0,24.0,50.0,25.23
2026/09/14 19:22:53.252,1264.0,6141.0,18.0,50.0,22.41
2026/09/14 19:22:58.325,1273.0,6141.0,36.0,49.0,25.98
2026/09/14 19:23:03.413,1265.0,6141.0,24.0,49.0,24.73
2026/09/14 19:23:08.481,1271.0,6141.0,34.0,48.0,25.74
2026/09/14 19:23:13.561,1341.0,6141.0,31.0,48.0,25.4
2026/09/14 19:23:18.710,1298.0,6141.0,25.0,49.0,21.53
2026/09/14 19:23:23.867,1271.0,6141.0,28.0,48.0,23.61
2026/09/14 19:23:29.018,1262.0,6141.0,27.0,48.0,28.23
2026/09/14 19:23:34.139,1219.0,6141.0,13.0,47.0,21.54
2026/09/14 19:23:39.201,1217.0,6141.0,31.0,47.0,26.12
2026/09/14 19:23:44.267,1217.0,6141.0,31.0,48.0,25.06
2026/09/14 19:23:49.326,1217.0,6141.0,22.0,49.0,24.34
2026/09/14 19:23:54.382,1217.0,6141.0,21.0,49.0,22.66
2026/09/14 19:23:59.452,1217.0,6141.0,24.0,49.0,25.78
2026/09/14 19:24:04.514,1217.0,6141.0,24.0,49.0,24.6
2026/09/14 19:24:09.575,1217.0,6141.0,28.0,49.0,26.83
2026/09/14 19:24:14.652,1222.0,6141.0,22.0,49.0,26.13
2026/09/14 19:24:19.709,1234.0,6141.0,18.0,50.0,24.31
2026/09/14 19:24:24.774,1242.0,6141.0,35.0,50.0,25.58
2026/09/14 19:24:29.860,1237.0,6141.0,27.0,50.0,25.31
2026/09/14 19:24:34.919,1236.0,6141.0,27.0,51.0,25.01
2026/09/14 19:24:39.986,1246.0,6141.0,26.0,51.0,25.24
2026/09/14 19:24:45.059,1236.0,6141.0,34.0,51.0,25.62
2026/09/14 19:24:50.140,1236.0,6141.0,21.0,50.0,25.48
2026/09/14 19:24:55.217,1236.0,6141.0,27.0,50.0,25.26
2026/09/14 19:25:00.303,1236.0,6141.0,30.0,50.0,25.13
2026/09/14 19:25:05.382,1237.0,6141.0,29.0,49.0,24.59
2026/09/14 19:25:10.469,1245.0,6141.0,28.0,49.0,25.03
2026/09/14 19:25:15.526,1261.0,6141.0,22.0,49.0,25.07
2026/09/14 19:25:20.606,1308.0,6141.0,26.0,49.0,25.09
2026/09/14 19:25:25.670,1260.0,6141.0,26.0,48.0,25.46
2026/09/14 19:25:30.769,1254.0,6141.0,22.0,48.0,25.65
2026/09/14 19:25:35.829,1261.0,6141.0,29.0,47.0,24.64
2026/09/14 19:25:40.897,1245.0,6141.0,20.0,48.0,23.92
2026/09/14 19:25:45.966,1241.0,6141.0,23.0,47.0,25.32
2026/09/14 19:25:51.032,1258.0,6141.0,18.0,46.0,23.99
2026/09/14 19:25:56.156,1250.0,6141.0,11.0,46.0,20.0
2026/09/14 19:26:01.310,1241.0,6141.0,25.0,47.0,23.12
2026/09/14 19:26:06.700,1241.0,6141.0,4.0,47.0,18.47
2026/09/14 19:26:11.878,1241.0,6141.0,18.0,47.0,24.23
2026/09/14 19:26:17.107,1252.0,6141.0,22.0,48.0,25.69
2026/09/14 19:26:22.290,1259.0,6141.0,25.0,48.0,23.69
2026/09/14 19:26:27.428,1238.0,6141.0,24.0,49.0,25.85
2026/09/14 19:26:32.697,1268.0,6141.0,23.0,49.0,24.13
2026/09/14 19:26:37.868,1307.0,6141.0,25.0,50.0,25.47
2026/09/14 19:26:42.963,1265.0,6141.0,34.0,50.0,25.84
2026/09/14 19:26:48.051,1248.0,6141.0,23.0,51.0,23.87
2026/09/14 19:26:53.178,1221.0,6141.0,15.0,50.0,23.8
2026/09/14 19:26:58.495,1238.0,6141.0,11.0,49.0,24.51
2026/09/14 19:27:03.640,1249.0,6141.0,29.0,50.0,24.24
2026/09/14 19:27:08.751,1248.0,6141.0,21.0,50.0,24.47
2026/09/14 19:27:13.852,1488.0,6141.0,21.0,50.0,23.75
2026/09/14 19:27:18.960,1273.0,6141.0,34.0,49.0,25.27
2026/09/14 19:27:24.092,1235.0,6141.0,29.0,49.0,25.24
2026/09/14 19:27:29.169,1235.0,6141.0,32.0,49.0,24.92
2026/09/14 19:27:34.249,1235.0,6141.0,39.0,48.0,26.16
2026/09/14 19:27:39.326,1228.0,6141.0,19.0,48.0,23.9
2026/09/14 19:27:44.413,1226.0,6141.0,27.0,48.0,26.0
2026/09/14 19:27:49.504,1225.0,6141.0,21.0,47.0,24.34
2026/09/14 19:27:54.571,1225.0,6141.0,24.0,48.0,26.74
2026/09/14 19:27:59.654,1234.0,6141.0,26.0,48.0,25.34
2026/09/14 19:28:04.851,1215.0,6141.0,26.0,49.0,23.04
2026/09/14 19:28:09.927,1215.0,6141.0,24.0,48.0,23.99
2026/09/14 19:28:14.985,1215.0,6141.0,28.0,49.0,28.32
2026/09/14 19:28:20.051,1215.0,6141.0,26.0,49.0,23.1
2026/09/14 19:28:25.121,1235.0,6141.0,36.0,50.0,25.32
2026/09/14 19:28:30.198,1228.0,6141.0,27.0,49.0,24.17
2026/09/14 19:28:35.332,1198.0,6141.0,15.0,49.0,20.42
2026/09/14 19:28:40.411,1215.0,6141.0,28.0,50.0,25.16
2026/09/14 19:28:45.477,1203.0,6141.0,30.0,50.0,25.15
2026/09/14 19:28:50.565,1204.0,6141.0,28.0,50.0,25.25
2026/09/14 19:28:55.646,1233.0,6141.0,30.0,51.0,25.08
2026/09/14 19:29:00.713,1432.0,6141.0,30.0,51.0,27.15
2026/09/14 19:29:05.782,1285.0,6141.0,23.0,51.0,25.38
2026/09/14 19:29:10.840,1214.0,6141.0,22.0,51.0,24.71
2026/09/14 19:29:15.906,1211.0,6141.0,30.0,51.0,25.55
2026/09/14 19:29:20.978,1207.0,6141.0,31.0,51.0,25.6
2026/09/14 19:29:26.078,1207.0,6141.0,37.0,51.0,27.0
2026/09/14 19:29:31.135,1200.0,6141.0,27.0,50.0,28.17
2026/09/14 19:29:36.219,1207.0,6141.0,33.0,49.0,25.58
2026/09/14 19:29:41.309,1207.0,6141.0,36.0,49.0,25.2
2026/09/14 19:29:46.372,1208.0,6141.0,27.0,49.0,25.21
2026/09/14 19:29:51.440,1201.0,6141.0,22.0,48.0,24.14
2026/09/14 19:29:56.508,1197.0,6141.0,30.0,48.0,25.38
2026/09/14 19:30:01.698,1251.0,6141.0,23.0,48.0,23.4
2026/09/14 19:30:06.845,1208.0,6141.0,30.0,48.0,25.2
2026/09/14 19:30:11.937,1201.0,6141.0,25.0,48.0,25.42
2026/09/14 19:30:17.017,1207.0,6141.0,29.0,49.0,25.31
2026/09/14 19:30:22.089,1208.0,6141.0,34.0,50.0,25.53
2026/09/14 19:30:27.249,1201.0,6141.0,25.0,50.0,25.42
2026/09/14 19:30:32.353,1198.0,6141.0,26.0,50.0,25.15
2026/09/14 19:30:37.439,1206.0,6141.0,36.0,50.0,25.68
2026/09/14 19:30:42.501,1201.0,6141.0,28.0,50.0,24.44
2026/09/14 19:30:47.575,1197.0,6141.0,23.0,50.0,24.98
2026/09/14 19:30:52.669,1207.0,6141.0,25.0,50.0,23.44
2026/09/14 19:30:57.774,1217.0,6141.0,37.0,51.0,25.38
2026/09/14 19:31:02.917,1224.0,6141.0,29.0,52.0,25.45
2026/09/14 19:31:08.037,1207.0,6141.0,35.0,52.0,25.97
2026/09/14 19:31:13.132,1213.0,6141.0,28.0,52.0,25.58
2026/09/14 19:31:18.232,1274.0,6141.0,18.0,52.0,25.27
2026/09/14 19:31:23.297,1222.0,6141.0,24.0,51.0,25.84
2026/09/14 19:31:28.362,1208.0,6141.0,32.0,51.0,25.52
2026/09/14 19:31:33.428,1236.0,6141.0,15.0,51.0,25.47
2026/09/14 19:31:38.494,1270.0,6141.0,22.0,51.0,25.47
2026/09/14 19:31:43.557,1206.0,6141.0,25.0,50.0,25.43
2026/09/14 19:31:48.616,1209.0,6141.0,20.0,51.0,25.44
2026/09/14 19:31:53.687,1250.0,6141.0,33.0,50.0,25.84
2026/09/14 19:31:58.768,1247.0,6141.0,32.0,51.0,25.71
2026/09/14 19:32:03.831,1248.0,6141.0,28.0,50.0,26.26
2026/09/14 19:32:08.897,1210.0,6141.0,24.0,50.0,25.53
2026/09/14 19:32:14.082,1217.0,6141.0,21.0,48.0,23.24
2026/09/14 19:32:19.175,1237.0,6141.0,25.0,49.0,25.08
2026/09/14 19:32:24.249,1382.0,6141.0,16.0,49.0,24.5
2026/09/14 19:32:29.365,1261.0,6141.0,28.0,49.0,24.74
2026/09/14 19:32:34.441,1219.0,6141.0,27.0,49.0,24.18
2026/09/14 19:32:39.554,1220.0,6141.0,26.0,49.0,25.49
2026/09/14 19:32:44.630,1215.0,6141.0,24.0,49.0,25.08
2026/09/14 19:32:49.698,1215.0,6141.0,42.0,48.0,26.87
2026/09/14 19:32:54.764,1215.0,6141.0,38.0,48.0,25.77
2026/09/14 19:32:59.833,1224.0,6141.0,32.0,48.0,25.38
2026/09/14 19:33:04.906,1229.0,6141.0,37.0,48.0,25.52
2026/09/14 19:33:09.968,1257.0,6141.0,20.0,48.0,25.28
2026/09/14 19:33:15.232,1140.0,6141.0,0.0,47.0,29.86
2026/09/14 19:33:20.448,1140.0,6141.0,7.0,47.0,20.3
2026/09/14 19:33:25.537,1140.0,6141.0,22.0,47.0,24.53
2026/09/14 19:33:30.595,1140.0,6141.0,43.0,49.0,33.3
2026/09/14 19:33:35.658,1140.0,6141.0,16.0,49.0,28.22
2026/09/14 19:33:40.720,1140.0,6141.0,46.0,50.0,30.76
2026/09/14 19:33:45.806,1140.0,6141.0,24.0,50.0,34.07
2026/09/14 19:33:50.871,1140.0,6141.0,39.0,51.0,35.72
2026/09/14 19:33:55.940,1140.0,6141.0,39.0,51.0,35.24
2026/09/14 19:34:01.014,1140.0,6141.0,47.0,51.0,35.38
2026/09/14 19:34:06.083,1140.0,6141.0,37.0,50.0,35.67
2026/09/14 19:34:11.157,1140.0,6141.0,37.0,50.0,36.15
2026/09/14 19:34:16.217,1140.0,6141.0,40.0,50.0,35.71
2026/09/14 19:34:21.288,1337.0,6141.0,32.0,48.0,27.77
2026/09/14 19:34:26.355,1273.0,6141.0,35.0,48.0,26.74
2026/09/14 19:34:31.423,1402.0,6141.0,33.0,48.0,29.47
2026/09/14 19:34:36.484,1280.0,6141.0,23.0,48.0,22.41
2026/09/14 19:34:41.546,1315.0,6141.0,22.0,48.0,24.25
2026/09/14 19:34:46.602,1259.0,6141.0,39.0,51.0,32.78
2026/09/14 19:34:51.680,1219.0,6141.0,37.0,51.0,34.89
2026/09/14 19:34:56.759,1219.0,6141.0,43.0,51.0,35.01
2026/09/14 19:35:01.816,1219.0,6141.0,46.0,52.0,35.63
2026/09/14 19:35:06.875,1219.0,6141.0,39.0,52.0,35.85
2026/09/14 19:35:11.938,1219.0,6141.0,38.0,52.0,35.69
2026/09/14 19:35:17.005,1219.0,6141.0,46.0,52.0,35.58
2026/09/14 19:35:22.085,1219.0,6141.0,35.0,52.0,35.28
2026/09/14 19:35:27.153,1218.0,6141.0,40.0,51.0,35.45
2026/09/14 19:35:32.221,1218.0,6141.0,47.0,52.0,35.63
2026/09/14 19:35:37.307,1218.0,6141.0,40.0,52.0,35.18
2026/09/14 19:35:42.365,1218.0,6141.0,41.0,52.0,35.56
2026/09/14 19:35:47.435,1218.0,6141.0,45.0,51.0,35.29
2026/09/14 19:35:52.502,1218.0,6141.0,44.0,52.0,35.5
2026/09/14 19:35:57.564,1218.0,6141.0,44.0,51.0,35.47
2026/09/14 19:36:02.628,1218.0,6141.0,34.0,51.0,34.83
2026/09/14 19:36:07.693,1202.0,6141.0,35.0,52.0,35.58
2026/09/14 19:36:12.763,1202.0,6141.0,45.0,52.0,35.63
2026/09/14 19:36:17.830,1202.0,6141.0,47.0,50.0,35.9
2026/09/14 19:36:22.888,1207.0,6141.0,38.0,50.0,35.4
2026/09/14 19:36:27.958,1207.0,6141.0,41.0,51.0,35.55
2026/09/14 19:36:33.033,1205.0,6141.0,46.0,50.0,35.97
2026/09/14 19:36:38.102,1205.0,6141.0,39.0,51.0,35.63
2026/09/14 19:36:43.170,1205.0,6141.0,37.0,51.0,35.62
2026/09/14 19:36:48.239,1205.0,6141.0,41.0,52.0,35.64
2026/09/14 19:36:53.316,1205.0,6141.0,37.0,51.0,33.95
2026/09/14 19:36:58.386,1205.0,6141.0,34.0,52.0,35.13
2026/09/14 19:37:03.457,1205.0,6141.0,34.0,51.0,35.38
2026/09/14 19:37:08.516,1203.0,6141.0,47.0,51.0,35.54
2026/09/14 19:37:13.590,1203.0,6141.0,38.0,51.0,34.52
2026/09/14 19:37:18.652,1202.0,6141.0,42.0,51.0,35.57
2026/09/14 19:37:23.716,1207.0,6141.0,45.0,52.0,35.41
2026/09/14 19:37:28.786,1205.0,6141.0,41.0,51.0,35.6
2026/09/14 19:37:33.846,1205.0,6141.0,46.0,51.0,35.52
2026/09/14 19:37:38.908,1205.0,6141.0,33.0,50.0,35.55
2026/09/14 19:37:43.965,1205.0,6141.0,34.0,50.0,35.27
2026/09/14 19:37:49.034,1205.0,6141.0,46.0,52.0,35.2
2026/09/14 19:37:54.103,1205.0,6141.0,30.0,50.0,33.77
2026/09/14 19:37:59.170,1202.0,6141.0,46.0,52.0,36.08
2026/09/14 19:38:04.229,1202.0,6141.0,37.0,50.0,35.63
2026/09/14 19:38:09.295,1202.0,6141.0,35.0,51.0,35.74
2026/09/14 19:38:14.357,1202.0,6141.0,42.0,51.0,35.69
2026/09/14 19:38:19.417,1202.0,6141.0,45.0,51.0,35.32
2026/09/14 19:38:24.479,1208.0,6141.0,45.0,51.0,35.69
2026/09/14 19:38:29.551,1208.0,6141.0,33.0,50.0,34.79
2026/09/14 19:38:34.625,1210.0,6141.0,43.0,50.0,34.98
2026/09/14 19:38:39.683,1210.0,6141.0,38.0,51.0,35.37
2026/09/14 19:38:44.743,1210.0,6141.0,47.0,51.0,35.63
2026/09/14 19:38:49.812,1210.0,6141.0,43.0,50.0,35.33
2026/09/14 19:38:54.887,1210.0,6141.0,45.0,51.0,35.81
2026/09/14 19:38:59.959,1210.0,6141.0,46.0,50.0,35.36
2026/09/14 19:39:05.030,1210.0,6141.0,45.0,50.0,35.99
2026/09/14 19:39:10.100,1210.0,6141.0,42.0,52.0,35.74
2026/09/14 19:39:15.171,1210.0,6141.0,45.0,52.0,35.73
2026/09/14 19:39:20.228,1210.0,6141.0,42.0,52.0,35.72
2026/09/14 19:39:25.300,1211.0,6141.0,47.0,51.0,35.95
2026/09/14 19:39:30.381,1211.0,6141.0,40.0,51.0,35.87
2026/09/14 19:39:35.436,1211.0,6141.0,42.0,51.0,35.88
2026/09/14 19:39:40.499,1211.0,6141.0,38.0,51.0,35.53
2026/09/14 19:39:45.591,1211.0,6141.0,38.0,51.0,35.54
2026/09/14 19:39:50.672,1211.0,6141.0,41.0,51.0,35.69
2026/09/14 19:39:55.742,1211.0,6141.0,46.0,50.0,36.06
2026/09/14 19:40:00.800,1211.0,6141.0,46.0,50.0,35.22
2026/09/14 19:40:05.869,1195.0,6141.0,45.0,50.0,35.83
2026/09/14 19:40:10.940,1195.0,6141.0,39.0,52.0,35.58
2026/09/14 19:40:16.000,1195.0,6141.0,41.0,50.0,35.52
2026/09/14 19:40:21.056,1195.0,6141.0,43.0,51.0,35.74
2026/09/14 19:40:26.120,1201.0,6141.0,42.0,51.0,35.85
2026/09/14 19:40:31.185,1201.0,6141.0,38.0,51.0,35.37
2026/09/14 19:40:36.246,1201.0,6141.0,46.0,50.0,35.69
2026/09/14 19:40:41.311,1201.0,6141.0,48.0,51.0,36.01
2026/09/14 19:40:46.375,1201.0,6141.0,46.0,51.0,36.07
2026/09/14 19:40:51.447,1201.0,6141.0,37.0,52.0,35.8
2026/09/14 19:40:56.513,1201.0,6141.0,38.0,51.0,35.23
2026/09/14 19:41:01.579,1201.0,6141.0,34.0,51.0,35.46
2026/09/14 19:41:06.641,1201.0,6141.0,41.0,51.0,35.78
2026/09/14 19:41:11.704,1201.0,6141.0,44.0,51.0,35.62
2026/09/14 19:41:16.780,1201.0,6141.0,39.0,50.0,35.48
2026/09/14 19:41:21.846,1201.0,6141.0,40.0,51.0,35.77
2026/09/14 19:41:26.922,1201.0,6141.0,47.0,52.0,36.12
2026/09/14 19:41:31.979,1201.0,6141.0,43.0,51.0,35.86
2026/09/14 19:41:37.039,1201.0,6141.0,39.0,50.0,35.46
2026/09/14 19:41:42.101,1201.0,6141.0,48.0,51.0,36.07
2026/09/14 19:41:47.164,1201.0,6141.0,38.0,50.0,35.9
2026/09/14 19:41:52.229,1201.0,6141.0,42.0,51.0,35.59
2026/09/14 19:41:57.291,1201.0,6141.0,35.0,50.0,35.54
2026/09/14 19:42:02.353,1201.0,6141.0,41.0,51.0,35.83
2026/09/14 19:42:07.411,1201.0,6141.0,46.0,51.0,35.85
2026/09/14 19:42:12.475,1201.0,6141.0,48.0,51.0,35.52
2026/09/14 19:42:17.545,1201.0,6141.0,39.0,50.0,35.54
2026/09/14 19:42:22.604,1201.0,6141.0,32.0,50.0,35.47
2026/09/14 19:42:27.676,1201.0,6141.0,43.0,51.0,35.82
2026/09/14 19:42:32.743,1201.0,6141.0,38.0,51.0,36.02
2026/09/14 19:42:37.808,1201.0,6141.0,48.0,50.0,36.09
2026/09/14 19:42:42.877,1201.0,6141.0,46.0,50.0,35.9
2026/09/14 19:42:47.933,1201.0,6141.0,39.0,51.0,35.57
2026/09/14 19:42:53.005,1201.0,6141.0,38.0,51.0,35.5
2026/09/14 19:42:58.063,1201.0,6141.0,44.0,50.0,35.91
2026/09/14 19:43:03.125,1201.0,6141.0,45.0,50.0,35.46
2026/09/14 19:43:08.194,1201.0,6141.0,42.0,52.0,35.58
2026/09/14 19:43:13.257,1201.0,6141.0,46.0,51.0,36.06
2026/09/14 19:43:18.316,1201.0,6141.0,37.0,51.0,35.48
2026/09/14 19:43:23.389,1201.0,6141.0,48.0,50.0,36.02
2026/09/14 19:43:28.463,1201.0,6141.0,38.0,51.0,35.76
2026/09/14 19:43:33.528,1201.0,6141.0,41.0,51.0,35.73
2026/09/14 19:43:38.602,1201.0,6141.0,38.0,51.0,35.61
2026/09/14 19:43:43.672,1201.0,6141.0,45.0,51.0,35.76
2026/09/14 19:43:48.752,1201.0,6141.0,45.0,50.0,35.96
2026/09/14 19:43:53.817,1201.0,6141.0,43.0,51.0,35.62
2026/09/14 19:43:58.882,1201.0,6141.0,46.0,51.0,36.14
2026/09/14 19:44:03.947,1201.0,6141.0,42.0,50.0,35.71
2026/09/14 19:44:09.014,1201.0,6141.0,43.0,51.0,35.94
2026/09/14 19:44:14.080,1201.0,6141.0,47.0,51.0,35.89
2026/09/14 19:44:19.151,1201.0,6141.0,38.0,51.0,35.75
2026/09/14 19:44:24.221,1201.0,6141.0,42.0,52.0,35.62
2026/09/14 19:44:29.291,1201.0,6141.0,46.0,50.0,35.65
2026/09/14 19:44:34.349,1201.0,6141.0,37.0,51.0,35.62
2026/09/14 19:44:39.411,1201.0,6141.0,42.0,51.0,35.78
2026/09/14 19:44:44.469,1201.0,6141.0,42.0,52.0,35.63
2026/09/14 19:44:49.537,1201.0,6141.0,45.0,50.0,35.63
2026/09/14 19:44:54.613,1201.0,6141.0,44.0,50.0,35.42
2026/09/14 19:44:59.680,1201.0,6141.0,45.0,50.0,35.62
2026/09/14 19:45:04.747,1201.0,6141.0,42.0,51.0,35.67
2026/09/14 19:45:09.816,1201.0,6141.0,46.0,50.0,35.43
2026/09/14 19:45:14.898,1201.0,6141.0,46.0,51.0,35.86
2026/09/14 19:45:19.966,1201.0,6141.0,48.0,51.0,36.03
2026/09/14 19:45:25.025,1200.0,6141.0,38.0,51.0,35.65
2026/09/14 19:45:30.105,1200.0,6141.0,44.0,50.0,36.04
2026/09/14 19:45:35.170,1200.0,6141.0,47.0,51.0,35.59
2026/09/14 19:45:40.234,1200.0,6141.0,41.0,51.0,35.62
2026/09/14 19:45:45.309,1200.0,6141.0,38.0,50.0,35.62
2026/09/14 19:45:50.381,1200.0,6141.0,37.0,50.0,35.57
2026/09/14 19:45:55.442,1200.0,6141.0,41.0,51.0,35.52
2026/09/14 19:46:00.505,1200.0,6141.0,46.0,51.0,35.76
2026/09/14 19:46:05.578,1200.0,6141.0,39.0,50.0,35.35
2026/09/14 19:46:10.649,1200.0,6141.0,48.0,51.0,36.07
2026/09/14 19:46:15.719,1200.0,6141.0,45.0,51.0,35.93
2026/09/14 19:46:20.790,1200.0,6141.0,41.0,51.0,35.82
2026/09/14 19:46:25.861,1200.0,6141.0,45.0,51.0,35.96
2026/09/14 19:46:30.923,1200.0,6141.0,38.0,51.0,35.53
2026/09/14 19:46:35.992,1308.0,6141.0,42.0,52.0,35.62
2026/09/14 19:46:41.073,1308.0,6141.0,33.0,50.0,35.54
2026/09/14 19:46:46.132,1308.0,6141.0,43.0,51.0,35.6
2026/09/14 19:46:51.192,1308.0,6141.0,49.0,51.0,35.53
2026/09/14 19:46:56.252,1308.0,6141.0,46.0,49.0,37.65
2026/09/14 19:47:01.319,1308.0,6141.0,44.0,51.0,35.44
2026/09/14 19:47:06.384,1308.0,6141.0,27.0,50.0,34.02
2026/09/14 19:47:11.447,1308.0,6141.0,37.0,50.0,35.64
2026/09/14 19:47:16.507,1308.0,6141.0,37.0,50.0,35.49
2026/09/14 19:47:21.584,1308.0,6141.0,37.0,51.0,35.46
2026/09/14 19:47:26.657,1308.0,6141.0,43.0,51.0,35.54
2026/09/14 19:47:31.729,1308.0,6141.0,36.0,51.0,35.59
2026/09/14 19:47:36.793,1308.0,6141.0,45.0,51.0,35.58
2026/09/14 19:47:41.877,1308.0,6141.0,45.0,51.0,35.71
2026/09/14 19:47:46.937,1308.0,6141.0,45.0,50.0,35.81
2026/09/14 19:47:52.002,1308.0,6141.0,47.0,51.0,35.48
2026/09/14 19:47:57.078,1308.0,6141.0,43.0,51.0,35.74
2026/09/14 19:48:02.154,1308.0,6141.0,38.0,50.0,35.56
2026/09/14 19:48:07.220,1308.0,6141.0,38.0,49.0,35.03
2026/09/14 19:48:12.308,1308.0,6141.0,47.0,50.0,35.92
2026/09/14 19:48:17.387,1308.0,6141.0,37.0,51.0,35.69
2026/09/14 19:48:22.450,1309.0,6141.0,40.0,51.0,35.57
2026/09/14 19:48:27.509,1309.0,6141.0,45.0,51.0,35.95
2026/09/14 19:48:32.570,1309.0,6141.0,42.0,50.0,35.49
2026/09/14 19:48:38.034,1309.0,6141.0,34.0,51.0,35.11
2026/09/14 19:48:43.152,1163.0,6141.0,38.0,51.0,35.57
2026/09/14 19:48:48.217,1163.0,6141.0,36.0,51.0,35.73
2026/09/14 19:48:53.279,1164.0,6141.0,48.0,51.0,35.56
2026/09/14 19:48:58.343,1164.0,6141.0,41.0,52.0,35.74
2026/09/14 19:49:03.420,1164.0,6141.0,40.0,51.0,35.88
2026/09/14 19:49:08.478,1164.0,6141.0,41.0,51.0,35.77
2026/09/14 19:49:13.559,1164.0,6141.0,44.0,51.0,35.71
2026/09/14 19:49:18.622,1164.0,6141.0,41.0,51.0,36.08
2026/09/14 19:49:23.687,1164.0,6141.0,38.0,50.0,35.56
2026/09/14 19:49:28.758,1164.0,6141.0,39.0,50.0,35.6
2026/09/14 19:49:33.821,1164.0,6141.0,45.0,51.0,35.94
2026/09/14 19:49:38.887,1164.0,6141.0,45.0,51.0,35.7
2026/09/14 19:49:43.963,1164.0,6141.0,37.0,50.0,35.52
2026/09/14 19:49:49.041,1164.0,6141.0,41.0,50.0,35.57
2026/09/14 19:49:54.129,1164.0,6141.0,46.0,51.0,35.51
2026/09/14 19:49:59.200,1164.0,6141.0,40.0,50.0,35.87
2026/09/14 19:50:04.263,1164.0,6141.0,47.0,51.0,35.92
2026/09/14 19:50:09.325,1164.0,6141.0,41.0,51.0,36.04
2026/09/14 19:50:14.383,1164.0,6141.0,46.0,51.0,36.01
2026/09/14 19:50:19.449,1165.0,6141.0,47.0,51.0,35.46
2026/09/14 19:50:24.518,1165.0,6141.0,41.0,51.0,35.65
2026/09/14 19:50:29.603,1165.0,6141.0,44.0,50.0,35.76
2026/09/14 19:50:34.672,1165.0,6141.0,42.0,51.0,35.82
2026/09/14 19:50:39.733,1165.0,6141.0,37.0,50.0,35.72
2026/09/14 19:50:44.805,1165.0,6141.0,37.0,51.0,34.67
2026/09/14 19:50:49.967,1162.0,6141.0,31.0,49.0,27.83
2026/09/14 19:50:55.980,1162.0,6141.0,0.0,48.0,18.7
2026/09/14 19:51:01.596,1162.0,6141.0,42.0,49.0,28.88
2026/09/14 19:51:06.672,1162.0,6141.0,45.0,50.0,34.74
2026/09/14 19:51:11.740,1162.0,6141.0,42.0,50.0,35.45
2026/09/14 19:51:16.814,1162.0,6141.0,43.0,51.0,35.57
2026/09/14 19:51:21.883,1164.0,6141.0,31.0,50.0,29.73
2026/09/14 19:51:26.961,1168.0,6141.0,38.0,50.0,35.48
2026/09/14 19:51:32.033,1168.0,6141.0,48.0,51.0,35.88
2026/09/14 19:51:37.093,1168.0,6141.0,44.0,51.0,35.52
2026/09/14 19:51:42.151,1168.0,6141.0,40.0,51.0,35.55
2026/09/14 19:51:47.221,1168.0,6141.0,41.0,50.0,35.63
2026/09/14 19:51:52.279,1168.0,6141.0,36.0,50.0,35.6
2026/09/14 19:51:57.347,1168.0,6141.0,44.0,52.0,35.52
2026/09/14 19:52:02.414,1168.0,6141.0,40.0,51.0,35.62
2026/09/14 19:52:07.471,1168.0,6141.0,48.0,50.0,36.06
2026/09/14 19:52:12.532,1168.0,6141.0,42.0,51.0,35.7
2026/09/14 19:52:17.604,1168.0,6141.0,46.0,50.0,35.56
2026/09/14 19:52:22.683,1168.0,6141.0,39.0,51.0,35.78
2026/09/14 19:52:27.759,1168.0,6141.0,38.0,51.0,35.59
2026/09/14 19:52:32.823,1169.0,6141.0,35.0,51.0,35.42
2026/09/14 19:52:37.882,1169.0,6141.0,41.0,51.0,35.81
2026/09/14 19:52:42.955,1169.0,6141.0,41.0,51.0,35.75
2026/09/14 19:52:48.021,1169.0,6141.0,45.0,51.0,36.05
2026/09/14 19:52:53.086,1169.0,6141.0,35.0,51.0,35.8
2026/09/14 19:52:58.159,1169.0,6141.0,35.0,50.0,35.56
2026/09/14 19:53:03.233,1169.0,6141.0,37.0,50.0,35.68
2026/09/14 19:53:08.301,1169.0,6141.0,41.0,50.0,35.66
2026/09/14 19:53:13.360,1169.0,6141.0,46.0,51.0,36.04
2026/09/14 19:53:18.432,1169.0,6141.0,37.0,50.0,35.64
2026/09/14 19:53:23.499,1169.0,6141.0,36.0,50.0,35.44
2026/09/14 19:53:28.558,1169.0,6141.0,43.0,50.0,35.45
2026/09/14 19:53:33.641,1169.0,6141.0,35.0,50.0,35.63
2026/09/14 19:53:38.697,1169.0,6141.0,36.0,50.0,35.28
2026/09/14 19:53:43.763,1169.0,6141.0,45.0,51.0,35.62
2026/09/14 19:53:48.834,1169.0,6141.0,48.0,51.0,36.17
2026/09/14 19:53:53.903,1169.0,6141.0,37.0,51.0,35.64
2026/09/14 19:53:58.971,1169.0,6141.0,46.0,51.0,36.12
2026/09/14 19:54:04.035,1169.0,6141.0,44.0,51.0,35.58
2026/09/14 19:54:09.090,1169.0,6141.0,37.0,51.0,35.76
2026/09/14 19:54:14.163,1169.0,6141.0,39.0,50.0,35.63
2026/09/14 19:54:19.231,1169.0,6141.0,41.0,50.0,35.74
2026/09/14 19:54:24.299,1169.0,6141.0,48.0,51.0,35.59
2026/09/14 19:54:29.357,1169.0,6141.0,40.0,51.0,35.19
2026/09/14 19:54:34.434,1169.0,6141.0,42.0,51.0,36.1
2026/09/14 19:54:39.503,1169.0,6141.0,47.0,51.0,35.55
2026/09/14 19:54:44.585,1169.0,6141.0,40.0,51.0,35.72
2026/09/14 19:54:49.657,1169.0,6141.0,37.0,51.0,36.01
2026/09/14 19:54:54.720,1169.0,6141.0,36.0,51.0,35.52
2026/09/14 19:54:59.780,1169.0,6141.0,48.0,51.0,35.8
2026/09/14 19:55:04.850,1169.0,6141.0,46.0,50.0,35.78
2026/09/14 19:55:09.913,1169.0,6141.0,37.0,50.0,35.54
2026/09/14 19:55:14.983,1169.0,6141.0,37.0,51.0,35.55
2026/09/14 19:55:20.051,1169.0,6141.0,46.0,50.0,35.74
2026/09/14 19:55:25.118,1169.0,6141.0,46.0,50.0,36.01
2026/09/14 19:55:30.186,1169.0,6141.0,44.0,50.0,33.94
2026/09/14 19:55:35.254,1169.0,6141.0,36.0,50.0,35.5
2026/09/14 19:55:40.313,1169.0,6141.0,36.0,51.0,35.7
2026/09/14 19:55:45.375,1169.0,6141.0,46.0,50.0,35.97
2026/09/14 19:55:50.445,1169.0,6141.0,44.0,51.0,35.7
2026/09/14 19:55:55.504,1169.0,6141.0,41.0,50.0,35.8
2026/09/14 19:56:00.564,1169.0,6141.0,37.0,51.0,35.65
2026/09/14 19:56:05.643,1169.0,6141.0,42.0,51.0,35.74
2026/09/14 19:56:10.707,1169.0,6141.0,37.0,51.0,35.62
2026/09/14 19:56:15.774,1169.0,6141.0,37.0,50.0,35.8
2026/09/14 19:56:20.834,1169.0,6141.0,35.0,50.0,35.51
2026/09/14 19:56:25.897,1169.0,6141.0,49.0,51.0,36.12
2026/09/14 19:56:30.964,1169.0,6141.0,42.0,50.0,30.9
2026/09/14 19:56:36.033,1169.0,6141.0,39.0,50.0,35.76
2026/09/14 19:56:41.102,1169.0,6141.0,43.0,50.0,35.32
2026/09/14 19:56:46.169,1169.0,6141.0,46.0,50.0,35.74
2026/09/14 19:56:51.235,1169.0,6141.0,45.0,50.0,35.63
2026/09/14 19:56:56.302,1169.0,6141.0,47.0,50.0,35.94
2026/09/14 19:57:01.366,1169.0,6141.0,36.0,50.0,35.69
2026/09/14 19:57:06.438,1169.0,6141.0,39.0,49.0,35.81
2026/09/14 19:57:11.525,1169.0,6141.0,39.0,50.0,35.68
2026/09/14 19:57:16.595,1169.0,6141.0,41.0,50.0,35.77
2026/09/14 19:57:21.655,1169.0,6141.0,44.0,51.0,35.82
2026/09/14 19:57:26.724,1169.0,6141.0,35.0,50.0,34.92
2026/09/14 19:57:31.790,1169.0,6141.0,37.0,50.0,35.56
2026/09/14 19:57:36.852,1169.0,6141.0,47.0,51.0,35.56
2026/09/14 19:57:41.923,1169.0,6141.0,48.0,51.0,36.24
2026/09/14 19:57:46.989,1169.0,6141.0,45.0,51.0,36.35
2026/09/14 19:57:52.054,1169.0,6141.0,48.0,51.0,37.44
2026/09/14 19:57:57.122,1169.0,6141.0,49.0,50.0,36.26
2026/09/14 19:58:02.200,1169.0,6141.0,49.0,51.0,36.47
2026/09/14 19:58:07.268,1169.0,6141.0,40.0,49.0,36.0
2026/09/14 19:58:12.338,1169.0,6141.0,41.0,50.0,36.21
2026/09/14 19:58:17.400,1169.0,6141.0,42.0,50.0,36.34
2026/09/14 19:58:22.473,1169.0,6141.0,49.0,50.0,36.71
2026/09/14 19:58:27.539,1169.0,6141.0,43.0,50.0,36.28
2026/09/14 19:58:32.602,1169.0,6141.0,48.0,50.0,36.33
2026/09/14 19:58:37.671,1169.0,6141.0,45.0,51.0,35.97
2026/09/14 19:58:42.740,1169.0,6141.0,48.0,50.0,36.4
2026/09/14 19:58:47.810,1169.0,6141.0,39.0,50.0,36.31
2026/09/14 19:58:52.885,1169.0,6141.0,45.0,50.0,36.34
2026/09/14 19:58:57.946,1169.0,6141.0,45.0,49.0,35.96
2026/09/14 19:59:03.010,1169.0,6141.0,42.0,50.0,36.17
2026/09/14 19:59:08.080,1169.0,6141.0,47.0,49.0,36.42
2026/09/14 19:59:13.151,1169.0,6141.0,39.0,50.0,30.59
2026/09/14 19:59:18.221,1169.0,6141.0,49.0,50.0,36.1
2026/09/14 19:59:23.286,1169.0,6141.0,47.0,49.0,36.68
2026/09/14 19:59:28.390,1169.0,6141.0,41.0,49.0,28.95
2026/09/14 19:59:33.482,1169.0,6141.0,44.0,51.0,36.3
2026/09/14 19:59:38.560,1169.0,6141.0,40.0,51.0,36.17
2026/09/14 19:59:43.631,1169.0,6141.0,45.0,50.0,36.3
2026/09/14 19:59:48.685,1169.0,6141.0,44.0,50.0,35.77
2026/09/14 19:59:53.759,1169.0,6141.0,46.0,50.0,36.56
2026/09/14 19:59:58.827,1169.0,6141.0,45.0,50.0,36.61
2026/09/14 20:00:03.892,1169.0,6141.0,46.0,50.0,36.09
2026/09/14 20:00:08.962,1169.0,6141.0,37.0,51.0,35.73
2026/09/14 20:00:14.023,1169.0,6141.0,46.0,50.0,36.36
2026/09/14 20:00:19.100,1169.0,6141.0,45.0,50.0,36.2
2026/09/14 20:00:24.169,1169.0,6141.0,37.0,50.0,36.41
2026/09/14 20:00:29.829,1169.0,6141.0,0.0,47.0,26.32
2026/09/14 20:00:35.073,1162.0,6141.0,27.0,48.0,27.79
2026/09/14 20:00:40.254,1162.0,6141.0,47.0,50.0,35.63
2026/09/14 20:00:45.333,1162.0,6141.0,41.0,51.0,36.19
2026/09/14 20:00:50.398,1162.0,6141.0,46.0,51.0,36.2
2026/09/14 20:00:55.468,1162.0,6141.0,43.0,50.0,36.15
2026/09/14 20:01:00.542,1162.0,6141.0,43.0,50.0,36.35
2026/09/14 20:01:05.604,1162.0,6141.0,37.0,49.0,36.19
2026/09/14 20:01:10.668,1162.0,6141.0,49.0,50.0,36.26
2026/09/14 20:01:15.738,1162.0,6141.0,44.0,50.0,36.31
2026/09/14 20:01:20.803,1162.0,6141.0,47.0,51.0,36.44
2026/09/14 20:01:25.874,1166.0,6141.0,49.0,50.0,36.15
2026/09/14 20:01:30.949,1166.0,6141.0,40.0,50.0,34.51
2026/09/14 20:01:36.012,1166.0,6141.0,48.0,50.0,36.77
2026/09/14 20:01:41.082,1166.0,6141.0,34.0,49.0,36.21
2026/09/14 20:01:46.140,1166.0,6141.0,47.0,50.0,36.45
2026/09/14 20:01:51.204,1166.0,6141.0,45.0,50.0,36.35
2026/09/14 20:01:56.249,1166.0,6141.0,46.0,50.0,36.64
2026/09/14 20:02:01.308,1166.0,6141.0,48.0,50.0,36.18
2026/09/14 20:02:06.366,1166.0,6141.0,47.0,50.0,36.73
2026/09/14 20:02:11.423,1166.0,6141.0,45.0,50.0,36.65
2026/09/14 20:02:16.483,1166.0,6141.0,47.0,51.0,36.29
2026/09/14 20:02:21.547,1166.0,6141.0,38.0,50.0,35.99
2026/09/14 20:02:26.616,1167.0,6141.0,39.0,50.0,36.26
2026/09/14 20:02:31.689,1167.0,6141.0,45.0,50.0,36.06
2026/09/14 20:02:36.735,1167.0,6141.0,44.0,50.0,36.69
2026/09/14 20:02:41.809,1167.0,6141.0,44.0,50.0,36.28
2026/09/14 20:02:46.873,1167.0,6141.0,50.0,50.0,36.65
2026/09/14 20:02:51.932,1167.0,6141.0,41.0,50.0,36.17
2026/09/14 20:02:56.992,1167.0,6141.0,42.0,49.0,36.43
2026/09/14 20:03:02.064,1167.0,6141.0,42.0,50.0,36.3
2026/09/14 20:03:07.132,1167.0,6141.0,39.0,50.0,36.78
2026/09/14 20:03:12.195,1167.0,6141.0,41.0,50.0,36.29
2026/09/14 20:03:17.256,1167.0,6141.0,48.0,50.0,36.25
2026/09/14 20:03:22.330,1167.0,6141.0,40.0,50.0,35.14
2026/09/14 20:03:27.398,1167.0,6141.0,38.0,50.0,36.2
2026/09/14 20:03:32.461,1167.0,6141.0,44.0,50.0,30.68
2026/09/14 20:03:37.529,1167.0,6141.0,45.0,50.0,35.77
2026/09/14 20:03:42.595,1167.0,6141.0,38.0,50.0,35.81
2026/09/14 20:03:47.675,1167.0,6141.0,44.0,50.0,36.58
2026/09/14 20:03:52.739,1167.0,6141.0,38.0,50.0,36.28
2026/09/14 20:03:57.806,1167.0,6141.0,42.0,50.0,36.24
2026/09/14 20:04:02.868,1167.0,6141.0,44.0,51.0,36.18
2026/09/14 20:04:07.936,1167.0,6141.0,47.0,49.0,35.41
2026/09/14 20:04:12.998,1167.0,6141.0,45.0,49.0,36.61
2026/09/14 20:04:18.141,1167.0,6141.0,28.0,49.0,33.2
2026/09/14 20:04:23.291,1162.0,6141.0,33.0,49.0,28.12
2026/09/14 20:04:28.532,1162.0,6141.0,46.0,48.0,21.61
2026/09/14 20:04:33.602,1162.0,6141.0,0.0,47.0,18.24
2026/09/14 20:04:38.674,1162.0,6141.0,49.0,50.0,36.47
2026/09/14 20:04:43.738,1162.0,6141.0,49.0,50.0,36.23
2026/09/14 20:04:48.799,1162.0,6141.0,41.0,49.0,36.12
2026/09/14 20:04:53.871,1162.0,6141.0,42.0,50.0,34.81
2026/09/14 20:04:58.935,1162.0,6141.0,35.0,49.0,35.97
2026/09/14 20:05:03.994,1162.0,6141.0,38.0,50.0,35.75
2026/09/14 20:05:09.063,1162.0,6141.0,40.0,49.0,36.16
2026/09/14 20:05:14.134,1162.0,6141.0,48.0,50.0,35.99
2026/09/14 20:05:19.206,1162.0,6141.0,44.0,50.0,36.33
2026/09/14 20:05:24.270,1166.0,6141.0,43.0,50.0,36.2
2026/09/14 20:05:29.336,1166.0,6141.0,46.0,50.0,35.96
2026/09/14 20:05:34.393,1166.0,6141.0,39.0,49.0,36.12
2026/09/14 20:05:39.449,1166.0,6141.0,39.0,49.0,36.17
2026/09/14 20:05:44.513,1166.0,6141.0,44.0,50.0,36.29
2026/09/14 20:05:49.577,1166.0,6141.0,46.0,50.0,36.32
2026/09/14 20:05:54.638,1167.0,6141.0,41.0,49.0,35.88
2026/09/14 20:05:59.710,1167.0,6141.0,37.0,49.0,36.29
2026/09/14 20:06:04.779,1167.0,6141.0,41.0,49.0,36.26
2026/09/14 20:06:09.843,1167.0,6141.0,48.0,49.0,36.44
2026/09/14 20:06:14.912,1167.0,6141.0,39.0,49.0,36.33
2026/09/14 20:06:19.971,1167.0,6141.0,45.0,51.0,35.89
2026/09/14 20:06:25.045,1167.0,6141.0,40.0,50.0,36.18
2026/09/14 20:06:30.113,1167.0,6141.0,32.0,49.0,34.39
2026/09/14 20:06:35.180,1167.0,6141.0,41.0,50.0,36.45
2026/09/14 20:06:40.238,1167.0,6141.0,49.0,50.0,36.62
2026/09/14 20:06:45.299,1167.0,6141.0,41.0,50.0,36.28
2026/09/14 20:06:50.379,1167.0,6141.0,40.0,49.0,36.34
2026/09/14 20:06:55.437,1167.0,6141.0,40.0,50.0,35.29
2026/09/14 20:07:00.497,1167.0,6141.0,33.0,50.0,35.23
2026/09/14 20:07:05.569,1167.0,6141.0,41.0,50.0,36.47
2026/09/14 20:07:10.638,1167.0,6141.0,44.0,49.0,35.97
2026/09/14 20:07:15.702,1167.0,6141.0,48.0,50.0,36.13
2026/09/14 20:07:20.765,1167.0,6141.0,47.0,51.0,39.5
2026/09/14 20:07:25.834,1167.0,6141.0,47.0,50.0,36.79
2026/09/14 20:07:30.906,1167.0,6141.0,46.0,49.0,35.84
2026/09/14 20:07:35.972,1167.0,6141.0,42.0,50.0,36.09
2026/09/14 20:07:41.037,1167.0,6141.0,46.0,49.0,36.51
2026/09/14 20:07:46.101,1167.0,6141.0,34.0,50.0,35.75
2026/09/14 20:07:51.186,1167.0,6141.0,41.0,49.0,36.4
2026/09/14 20:07:56.253,1167.0,6141.0,43.0,50.0,44.62
2026/09/14 20:08:01.327,1167.0,6141.0,43.0,50.0,35.46
2026/09/14 20:08:06.413,1167.0,6141.0,46.0,49.0,35.46
2026/09/14 20:08:11.480,1167.0,6141.0,47.0,49.0,36.66
2026/09/14 20:08:16.547,1167.0,6141.0,45.0,49.0,36.44
2026/09/14 20:08:21.616,1167.0,6141.0,44.0,49.0,36.62
2026/09/14 20:08:26.703,1168.0,6141.0,40.0,49.0,35.85
2026/09/14 20:08:31.769,1168.0,6141.0,42.0,50.0,37.6
2026/09/14 20:08:36.828,1168.0,6141.0,44.0,49.0,36.46
2026/09/14 20:08:41.897,1168.0,6141.0,45.0,49.0,36.25
2026/09/14 20:08:46.965,1168.0,6141.0,36.0,50.0,31.58
2026/09/14 20:08:52.026,1168.0,6141.0,44.0,50.0,36.08
2026/09/14 20:08:57.095,1168.0,6141.0,46.0,50.0,36.49
2026/09/14 20:09:02.166,1168.0,6141.0,47.0,50.0,36.7
2026/09/14 20:09:07.228,1168.0,6141.0,47.0,50.0,35.94
2026/09/14 20:09:12.297,1168.0,6141.0,49.0,50.0,36.1
2026/09/14 20:09:17.373,1168.0,6141.0,48.0,50.0,36.34
2026/09/14 20:09:22.440,1168.0,6141.0,46.0,49.0,36.46
2026/09/14 20:09:27.511,1168.0,6141.0,36.0,49.0,36.3
2026/09/14 20:09:32.569,1168.0,6141.0,46.0,50.0,36.15
2026/09/14 20:09:37.634,1168.0,6141.0,42.0,50.0,36.45
2026/09/14 20:09:42.690,1168.0,6141.0,48.0,50.0,36.01
2026/09/14 20:09:47.760,1168.0,6141.0,42.0,49.0,35.02
2026/09/14 20:09:52.832,1168.0,6141.0,43.0,49.0,36.08
2026/09/14 20:09:57.903,1168.0,6141.0,38.0,49.0,25.2
2026/09/14 20:10:02.971,1168.0,6141.0,44.0,49.0,34.71
2026/09/14 20:10:08.052,1168.0,6141.0,43.0,50.0,36.35
2026/09/14 20:10:13.109,1168.0,6141.0,46.0,49.0,36.76
2026/09/14 20:10:18.176,1168.0,6141.0,48.0,50.0,36.55
2026/09/14 20:10:23.242,1168.0,6141.0,39.0,49.0,35.77
2026/09/14 20:10:28.309,1168.0,6141.0,40.0,49.0,36.22
2026/09/14 20:10:33.370,1168.0,6141.0,48.0,50.0,35.87
2026/09/14 20:10:38.439,1168.0,6141.0,48.0,50.0,25.44
2026/09/14 20:10:43.509,1168.0,6141.0,41.0,49.0,36.07
2026/09/14 20:10:48.575,1168.0,6141.0,42.0,49.0,40.61
2026/09/14 20:10:53.639,1168.0,6141.0,38.0,49.0,34.35
2026/09/14 20:10:58.704,1168.0,6141.0,50.0,50.0,36.55
2026/09/14 20:11:03.772,1168.0,6141.0,41.0,50.0,35.61
2026/09/14 20:11:08.835,1168.0,6141.0,44.0,50.0,35.69
2026/09/14 20:11:13.909,1168.0,6141.0,46.0,49.0,36.25
2026/09/14 20:11:18.977,1168.0,6141.0,42.0,49.0,36.3
2026/09/14 20:11:24.053,1168.0,6141.0,41.0,50.0,31.22
2026/09/14 20:11:29.122,1168.0,6141.0,46.0,50.0,37.23
2026/09/14 20:11:34.183,1168.0,6141.0,47.0,49.0,36.51
2026/09/14 20:11:39.254,1168.0,6141.0,45.0,50.0,36.1
2026/09/14 20:11:44.333,1168.0,6141.0,45.0,49.0,36.25
2026/09/14 20:11:49.403,1168.0,6141.0,47.0,49.0,36.71
2026/09/14 20:11:54.464,1276.0,6141.0,41.0,50.0,36.26
2026/09/14 20:11:59.528,1276.0,6141.0,43.0,49.0,35.79
2026/09/14 20:12:04.586,1276.0,6141.0,47.0,49.0,36.13
2026/09/14 20:12:09.649,1276.0,6141.0,40.0,49.0,36.17
2026/09/14 20:12:14.720,1276.0,6141.0,47.0,48.0,36.38
2026/09/14 20:12:19.780,1276.0,6141.0,46.0,49.0,35.34
2026/09/14 20:12:24.851,1276.0,6141.0,43.0,50.0,36.18
2026/09/14 20:12:29.921,1276.0,6141.0,43.0,49.0,36.44
2026/09/14 20:12:34.990,1276.0,6141.0,39.0,49.0,36.17
2026/09/14 20:12:40.055,1276.0,6141.0,43.0,50.0,36.36
2026/09/14 20:12:45.117,1276.0,6141.0,48.0,50.0,36.42
2026/09/14 20:12:50.180,1276.0,6141.0,49.0,50.0,36.65
2026/09/14 20:12:55.262,1276.0,6141.0,47.0,50.0,36.59
2026/09/14 20:13:00.329,1276.0,6141.0,47.0,50.0,36.36
2026/09/14 20:13:05.402,1276.0,6141.0,47.0,50.0,36.33
2026/09/14 20:13:10.467,1276.0,6141.0,45.0,49.0,36.46
2026/09/14 20:13:15.532,1276.0,6141.0,46.0,50.0,36.86
2026/09/14 20:13:20.597,1276.0,6141.0,8.0,47.0,22.16
2026/09/14 20:13:25.665,1276.0,6141.0,49.0,50.0,36.38
2026/09/14 20:13:30.722,1276.0,6141.0,48.0,50.0,36.39
2026/09/14 20:13:35.784,1276.0,6141.0,44.0,50.0,36.09
2026/09/14 20:13:40.856,1276.0,6141.0,40.0,49.0,36.28
2026/09/14 20:13:45.931,1276.0,6141.0,48.0,50.0,36.72
2026/09/14 20:13:51.020,1276.0,6141.0,31.0,48.0,32.27
2026/09/14 20:13:56.180,1185.0,6141.0,23.0,48.0,27.54
2026/09/14 20:14:01.271,1185.0,6141.0,33.0,50.0,34.44
2026/09/14 20:14:06.341,1185.0,6141.0,45.0,49.0,36.28
2026/09/14 20:14:11.405,1185.0,6141.0,39.0,50.0,36.14
2026/09/14 20:14:16.469,1185.0,6141.0,46.0,49.0,36.36
2026/09/14 20:14:21.525,1185.0,6141.0,32.0,49.0,34.14
2026/09/14 20:14:26.589,1186.0,6141.0,47.0,49.0,36.42
2026/09/14 20:14:31.651,1186.0,6141.0,46.0,49.0,36.0
2026/09/14 20:14:36.719,1186.0,6141.0,45.0,50.0,36.09
2026/09/14 20:14:41.802,1186.0,6141.0,50.0,50.0,36.17
2026/09/14 20:14:46.861,1186.0,6141.0,45.0,49.0,35.97
2026/09/14 20:14:51.928,1186.0,6141.0,41.0,49.0,36.86
2026/09/14 20:14:56.992,1186.0,6141.0,41.0,49.0,35.88
2026/09/14 20:15:02.067,1186.0,6141.0,44.0,51.0,36.24
2026/09/14 20:15:07.138,1186.0,6141.0,39.0,50.0,36.2
2026/09/14 20:15:12.208,1186.0,6141.0,45.0,50.0,36.31
2026/09/14 20:15:17.268,1186.0,6141.0,47.0,49.0,36.26
2026/09/14 20:15:22.353,1186.0,6141.0,35.0,49.0,34.73
2026/09/14 20:15:27.413,1186.0,6141.0,47.0,49.0,36.9
2026/09/14 20:15:32.482,1186.0,6141.0,48.0,50.0,36.64
2026/09/14 20:15:37.545,1186.0,6141.0,48.0,50.0,36.08
2026/09/14 20:15:42.613,1186.0,6141.0,45.0,49.0,36.46
2026/09/14 20:15:47.680,1186.0,6141.0,41.0,50.0,34.91
2026/09/14 20:15:52.745,1186.0,6141.0,47.0,50.0,36.14
2026/09/14 20:15:57.819,1186.0,6141.0,44.0,50.0,36.13
2026/09/14 20:16:02.896,1186.0,6141.0,46.0,49.0,35.83
2026/09/14 20:16:07.960,1186.0,6141.0,47.0,49.0,36.36
2026/09/14 20:16:13.018,1186.0,6141.0,41.0,49.0,35.65
2026/09/14 20:16:18.084,1186.0,6141.0,33.0,48.0,28.19
2026/09/14 20:16:23.141,1190.0,6141.0,42.0,49.0,36.11
2026/09/14 20:16:28.201,1190.0,6141.0,43.0,49.0,36.09
2026/09/14 20:16:33.263,1190.0,6141.0,39.0,49.0,36.05
2026/09/14 20:16:38.320,1190.0,6141.0,47.0,50.0,36.58
2026/09/14 20:16:43.390,1190.0,6141.0,47.0,49.0,36.42
2026/09/14 20:16:48.458,1190.0,6141.0,44.0,49.0,36.41
2026/09/14 20:16:53.520,1190.0,6141.0,44.0,49.0,36.13
2026/09/14 20:16:58.590,1190.0,6141.0,47.0,50.0,36.03
2026/09/14 20:17:03.651,1190.0,6141.0,34.0,48.0,35.82
2026/09/14 20:17:08.719,1190.0,6141.0,42.0,49.0,35.73
2026/09/14 20:17:13.778,1190.0,6141.0,40.0,49.0,35.88
2026/09/14 20:17:18.841,1190.0,6141.0,44.0,49.0,35.96
2026/09/14 20:17:23.908,1190.0,6141.0,46.0,49.0,36.11
2026/09/14 20:17:28.971,1190.0,6141.0,35.0,48.0,35.78
2026/09/14 20:17:34.040,1190.0,6141.0,40.0,49.0,35.62
2026/09/14 20:17:39.103,1190.0,6141.0,47.0,49.0,35.43
2026/09/14 20:17:44.162,1190.0,6141.0,37.0,48.0,35.54
2026/09/14 20:17:49.234,1190.0,6141.0,41.0,49.0,36.08
2026/09/14 20:17:54.297,1190.0,6141.0,44.0,49.0,36.62
2026/09/14 20:17:59.365,1190.0,6141.0,44.0,49.0,35.82
2026/09/14 20:18:04.428,1190.0,6141.0,42.0,49.0,35.91
2026/09/14 20:18:09.485,1190.0,6141.0,40.0,50.0,35.34
2026/09/14 20:18:14.560,1190.0,6141.0,48.0,49.0,36.12
2026/09/14 20:18:19.638,1190.0,6141.0,41.0,50.0,36.04
2026/09/14 20:18:24.702,1190.0,6141.0,37.0,50.0,36.11
2026/09/14 20:18:29.758,1190.0,6141.0,50.0,50.0,36.75
2026/09/14 20:18:34.832,1190.0,6141.0,48.0,48.0,36.67
2026/09/14 20:18:39.899,1190.0,6141.0,45.0,48.0,36.08
2026/09/14 20:18:44.978,1190.0,6141.0,38.0,49.0,36.22
2026/09/14 20:18:50.042,1190.0,6141.0,39.0,49.0,36.06
2026/09/14 20:18:55.106,1190.0,6141.0,31.0,49.0,34.74
2026/09/14 20:19:00.178,1190.0,6141.0,44.0,50.0,35.45
2026/09/14 20:19:05.237,1190.0,6141.0,47.0,49.0,36.12
2026/09/14 20:19:10.296,1190.0,6141.0,42.0,49.0,36.06
2026/09/14 20:19:15.366,1190.0,6141.0,36.0,49.0,34.77
2026/09/14 20:19:20.431,1190.0,6141.0,44.0,49.0,36.42
2026/09/14 20:19:25.498,1190.0,6141.0,42.0,50.0,36.15
2026/09/14 20:19:30.563,1190.0,6141.0,42.0,50.0,36.22
2026/09/14 20:19:35.633,1190.0,6141.0,49.0,50.0,36.28
2026/09/14 20:19:40.695,1190.0,6141.0,43.0,50.0,35.65
2026/09/14 20:19:45.753,1190.0,6141.0,44.0,49.0,36.06
2026/09/14 20:19:50.821,1190.0,6141.0,36.0,50.0,35.86
2026/09/14 20:19:55.903,1190.0,6141.0,35.0,49.0,35.89
2026/09/14 20:20:00.974,1190.0,6141.0,39.0,49.0,36.1
2026/09/14 20:20:06.040,1190.0,6141.0,39.0,50.0,36.32
2026/09/14 20:20:11.108,1190.0,6141.0,44.0,49.0,36.08
2026/09/14 20:20:16.163,1190.0,6141.0,44.0,49.0,32.15
2026/09/14 20:20:21.233,1190.0,6141.0,39.0,49.0,36.38
2026/09/14 20:20:26.297,1190.0,6141.0,48.0,50.0,36.2
2026/09/14 20:20:31.364,1190.0,6141.0,42.0,49.0,36.78
2026/09/14 20:20:36.436,1190.0,6141.0,47.0,50.0,36.43
2026/09/14 20:20:41.507,1190.0,6141.0,49.0,50.0,36.81
2026/09/14 20:20:46.571,1190.0,6141.0,46.0,49.0,36.59
2026/09/14 20:20:51.626,1190.0,6141.0,49.0,50.0,36.34
2026/09/14 20:20:56.687,1190.0,6141.0,47.0,50.0,37.12
2026/09/14 20:21:01.753,1190.0,6141.0,49.0,49.0,35.72
2026/09/14 20:21:06.814,1190.0,6141.0,39.0,49.0,36.32
2026/09/14 20:21:11.879,1190.0,6141.0,42.0,49.0,34.79
2026/09/14 20:21:16.936,1190.0,6141.0,0.0,45.0,18.17
2026/09/14 20:21:22.003,1190.0,6141.0,0.0,44.0,18.09
2026/09/14 20:21:27.375,1190.0,6141.0,0.0,44.0,18.0
2026/09/14 20:21:32.513,1183.0,6141.0,0.0,44.0,17.97
2026/09/14 20:21:37.646,1027.0,6141.0,40.0,48.0,33.86
2026/09/14 20:21:42.708,1027.0,6141.0,47.0,50.0,35.92
2026/09/14 20:21:47.778,1027.0,6141.0,38.0,49.0,35.7
2026/09/14 20:21:52.843,1027.0,6141.0,45.0,51.0,35.59
2026/09/14 20:21:57.916,1027.0,6141.0,44.0,51.0,36.44
2026/09/14 20:22:02.992,1027.0,6141.0,44.0,50.0,35.89
2026/09/14 20:22:08.059,1025.0,6141.0,45.0,50.0,58.51
2026/09/14 20:22:13.122,1025.0,6141.0,46.0,50.0,36.08
2026/09/14 20:22:18.185,1025.0,6141.0,43.0,50.0,36.15
2026/09/14 20:22:23.261,1026.0,6141.0,48.0,50.0,35.95
2026/09/14 20:22:28.325,1025.0,6141.0,37.0,50.0,35.94
2026/09/14 20:22:33.391,1025.0,6141.0,46.0,49.0,35.83
2026/09/14 20:22:38.457,1025.0,6141.0,48.0,50.0,38.31
2026/09/14 20:22:43.529,1025.0,6141.0,42.0,50.0,36.37
2026/09/14 20:22:48.611,1025.0,6141.0,45.0,50.0,35.8
2026/09/14 20:22:53.687,1027.0,6141.0,37.0,50.0,35.85
2026/09/14 20:22:58.760,1027.0,6141.0,49.0,50.0,36.27
2026/09/14 20:23:03.841,1027.0,6141.0,41.0,50.0,35.96
2026/09/14 20:23:08.908,1027.0,6141.0,37.0,50.0,35.86
2026/09/14 20:23:13.975,1027.0,6141.0,40.0,50.0,35.94
2026/09/14 20:23:19.032,1027.0,6141.0,43.0,49.0,35.53
2026/09/14 20:23:24.095,1032.0,6141.0,45.0,49.0,33.92
2026/09/14 20:23:29.153,1026.0,6141.0,40.0,50.0,33.45
2026/09/14 20:23:34.222,1026.0,6141.0,44.0,49.0,35.88
2026/09/14 20:23:39.285,1026.0,6141.0,45.0,49.0,35.97
2026/09/14 20:23:44.380,1026.0,6141.0,45.0,48.0,35.72
2026/09/14 20:23:49.452,1029.0,6141.0,47.0,48.0,36.34
2026/09/14 20:23:54.531,1029.0,6141.0,41.0,49.0,36.41
2026/09/14 20:23:59.599,1029.0,6141.0,43.0,50.0,35.95
2026/09/14 20:24:04.646,1029.0,6141.0,46.0,50.0,36.43
2026/09/14 20:24:09.714,1029.0,6141.0,42.0,49.0,36.0
2026/09/14 20:24:14.772,1029.0,6141.0,32.0,49.0,35.62
2026/09/14 20:24:19.839,1029.0,6141.0,45.0,49.0,23.87
2026/09/14 20:24:24.908,1029.0,6141.0,45.0,49.0,40.53
2026/09/14 20:24:29.977,1029.0,6141.0,40.0,49.0,36.25
2026/09/14 20:24:35.035,1029.0,6141.0,44.0,50.0,36.54
2026/09/14 20:24:40.107,1029.0,6141.0,42.0,49.0,35.55
2026/09/14 20:24:45.168,1029.0,6141.0,45.0,49.0,37.6
2026/09/14 20:24:50.228,1029.0,6141.0,46.0,49.0,36.39
2026/09/14 20:24:55.298,1029.0,6141.0,43.0,48.0,36.07
2026/09/14 20:25:00.369,1029.0,6141.0,46.0,50.0,37.05
2026/09/14 20:25:05.430,1029.0,6141.0,43.0,49.0,35.96
2026/09/14 20:25:10.503,1029.0,6141.0,45.0,49.0,35.68
2026/09/14 20:25:15.564,1029.0,6141.0,47.0,49.0,38.26
2026/09/14 20:25:20.630,1029.0,6141.0,47.0,50.0,37.05
2026/09/14 20:25:25.694,1029.0,6141.0,46.0,50.0,36.15
2026/09/14 20:25:30.768,1029.0,6141.0,38.0,48.0,36.53
2026/09/14 20:25:35.831,1029.0,6141.0,44.0,49.0,36.19
2026/09/14 20:25:40.895,1029.0,6141.0,42.0,49.0,35.64
2026/09/14 20:25:45.971,1029.0,6141.0,41.0,48.0,36.28
2026/09/14 20:25:51.063,1029.0,6141.0,42.0,50.0,35.49
2026/09/14 20:25:56.123,1029.0,6141.0,48.0,49.0,38.51
2026/09/14 20:26:01.180,1029.0,6141.0,45.0,49.0,35.69
2026/09/14 20:26:06.249,1029.0,6141.0,44.0,48.0,35.06
2026/09/14 20:26:11.309,1029.0,6141.0,46.0,48.0,37.45
2026/09/14 20:26:16.374,1029.0,6141.0,39.0,49.0,34.78
2026/09/14 20:26:21.444,1029.0,6141.0,31.0,48.0,33.99
2026/09/14 20:26:26.506,1034.0,6141.0,43.0,48.0,36.34
2026/09/14 20:26:31.578,1034.0,6141.0,48.0,49.0,36.36
2026/09/14 20:26:36.642,1034.0,6141.0,40.0,49.0,36.1
2026/09/14 20:26:41.699,1034.0,6141.0,44.0,49.0,37.06
2026/09/14 20:26:46.772,1034.0,6141.0,46.0,48.0,36.28
2026/09/14 20:26:51.833,1034.0,6141.0,42.0,48.0,35.98
2026/09/14 20:26:56.899,1034.0,6141.0,44.0,50.0,35.94
2026/09/14 20:27:01.957,1034.0,6141.0,36.0,50.0,35.82
2026/09/14 20:27:07.028,1034.0,6141.0,40.0,49.0,36.0
2026/09/14 20:27:12.097,1034.0,6141.0,42.0,50.0,36.31
2026/09/14 20:27:17.166,1034.0,6141.0,45.0,49.0,35.58
2026/09/14 20:27:22.224,1034.0,6141.0,45.0,48.0,34.47
2026/09/14 20:27:27.286,1034.0,6141.0,48.0,49.0,35.98
2026/09/14 20:27:32.350,1034.0,6141.0,49.0,50.0,36.54
2026/09/14 20:27:37.418,1034.0,6141.0,40.0,49.0,32.55
2026/09/14 20:27:42.493,1034.0,6141.0,35.0,49.0,48.15
2026/09/14 20:27:47.553,1034.0,6141.0,45.0,48.0,37.44
2026/09/14 20:27:52.618,1034.0,6141.0,45.0,49.0,36.32
2026/09/14 20:27:57.685,1034.0,6141.0,42.0,49.0,36.11
2026/09/14 20:28:02.741,1034.0,6141.0,46.0,48.0,36.41
2026/09/14 20:28:07.798,1034.0,6141.0,44.0,49.0,36.28
2026/09/14 20:28:12.854,1034.0,6141.0,42.0,49.0,36.57
2026/09/14 20:28:17.924,1034.0,6141.0,47.0,49.0,35.93
2026/09/14 20:28:22.992,1034.0,6141.0,45.0,48.0,35.8
2026/09/14 20:28:28.056,1034.0,6141.0,39.0,49.0,35.9
2026/09/14 20:28:33.125,1034.0,6141.0,45.0,49.0,35.86
2026/09/14 20:28:38.184,1034.0,6141.0,46.0,50.0,36.66
2026/09/14 20:28:43.250,1034.0,6141.0,34.0,48.0,35.49
2026/09/14 20:28:48.307,1034.0,6141.0,45.0,49.0,36.47
2026/09/14 20:28:53.379,1034.0,6141.0,40.0,49.0,35.44
2026/09/14 20:28:58.454,1034.0,6141.0,45.0,50.0,36.15
2026/09/14 20:29:03.520,1034.0,6141.0,41.0,48.0,35.84
2026/09/14 20:29:08.603,1034.0,6141.0,43.0,49.0,30.43
2026/09/14 20:29:13.669,1034.0,6141.0,40.0,48.0,34.79
2026/09/14 20:29:18.732,1034.0,6141.0,47.0,50.0,36.18
2026/09/14 20:29:23.801,1034.0,6141.0,46.0,49.0,38.71
2026/09/14 20:29:28.882,1034.0,6141.0,44.0,49.0,36.7
2026/09/14 20:29:33.943,1034.0,6141.0,40.0,49.0,34.5
2026/09/14 20:29:39.013,1034.0,6141.0,48.0,50.0,36.14
2026/09/14 20:29:44.069,1034.0,6141.0,35.0,49.0,42.61
2026/09/14 20:29:49.139,1034.0,6141.0,46.0,49.0,35.66
2026/09/14 20:29:54.206,1034.0,6141.0,46.0,49.0,36.31
2026/09/14 20:29:59.264,1034.0,6141.0,46.0,49.0,37.79
2026/09/14 20:30:04.323,1034.0,6141.0,44.0,49.0,35.81
2026/09/14 20:30:09.385,1034.0,6141.0,47.0,49.0,36.29
2026/09/14 20:30:14.446,1034.0,6141.0,44.0,49.0,35.41
2026/09/14 20:30:19.537,1034.0,6141.0,46.0,49.0,35.63
2026/09/14 20:30:24.598,1034.0,6141.0,48.0,49.0,36.39
2026/09/14 20:30:29.670,1034.0,6141.0,42.0,51.0,38.17
2026/09/14 20:30:34.746,1034.0,6141.0,41.0,50.0,36.28
2026/09/14 20:30:39.808,1034.0,6141.0,45.0,49.0,36.63
2026/09/14 20:30:44.870,1034.0,6141.0,41.0,50.0,35.87
2026/09/14 20:30:49.935,1034.0,6141.0,46.0,49.0,36.2
2026/09/14 20:30:54.997,1034.0,6141.0,46.0,49.0,36.64
2026/09/14 20:31:00.056,1034.0,6141.0,43.0,49.0,36.24
2026/09/14 20:31:05.130,1034.0,6141.0,23.0,48.0,29.92
2026/09/14 20:31:10.195,1034.0,6141.0,9.0,47.0,24.84
2026/09/14 20:31:15.255,1034.0,6141.0,22.0,47.0,24.45
2026/09/14 20:31:20.319,1034.0,6141.0,0.0,45.0,18.17
2026/09/14 20:31:25.379,1036.0,6141.0,0.0,46.0,18.25
2026/09/14 20:31:30.441,596.0,6141.0,0.0,45.0,18.08
2026/09/14 20:31:35.505,596.0,6141.0,0.0,45.0,18.1
